"ID","VERTEX","LAT","LON","ROWNUMBER"
3641,"3","40.683","-70.783",11875
3641,"4","40.683","-71.667",11874
3641,"2","41.35","-70.783",11873
3641,"1","41.35","-71.667",11872
3640,"3","40","-68.24",11854
3640,"4","40","-69.14",11855
3640,"2","40.69","-68.24",11853
3640,"1","40.69","-69.14",11852
3639,"4","39.84","-69.05",11835
3639,"2","41.08","-67.63",11833
3639,"1","41.08","-69.06",11832
3639,"3","39.84","-67.64",11834
3638,"4","40.27","-71.19",11823
3638,"1","40.9","-71.2",11820
3638,"2","40.9","-70.3",11821
3638,"3","40.27","-70.3",11822
3637,"4","39.83","-71.7",11819
3637,"2","40.55","-70.78",11817
3637,"3","39.83","-70.78",11818
3637,"1","40.55","-71.7",11816
3636,"1","42.78","-71.36",11800
3636,"2","42.78","-70.47",11801
3636,"3","42.12","-70.47",11802
3636,"4","42.12","-71.36",11803
3635,"1","40.9","-71.2",11796
3635,"4","40.27","-71.19",11799
3635,"3","40.27","-70.3",11798
3635,"2","40.9","-70.3",11797
3634,"3","37.97","-74.22",11778
3634,"4","37.97","-75.07",11779
3634,"2","38.64","-74.22",11777
3634,"1","38.64","-75.07",11776
3633,"4","36.38","-75.88",11763
3633,"2","37.05","-75.06",11761
3633,"3","36.38","-75.06",11762
3633,"1","37.05","-75.89",11760
3632,"1","42.78","-71.36",11756
3632,"3","42.12","-70.47",11758
3632,"2","42.78","-70.47",11757
3632,"4","42.12","-71.36",11759
3631,"1","41.07","-70.43",11742
3631,"4","40.34","-70.43",11741
3631,"3","40.34","-69.47",11740
3631,"2","41.07","-69.46",11743
3630,"1","41.56","-71.05",11736
3630,"3","40.81","-69.99",11738
3630,"4","40.81","-71.04",11739
3630,"2","41.56","-69.99",11737
3629,"3","40.26","-69.07",11716
3629,"1","40.86","-69.86",11718
3629,"2","40.86","-69.07",11719
3629,"4","40.26","-69.85",11717
3628,"1","41.07","-70.43",11702
3628,"4","40.34","-70.43",11701
3628,"3","40.34","-69.47",11700
3628,"2","41.07","-69.46",11703
3627,"2","41.56","-69.99",11699
3627,"1","41.56","-71.05",11698
3627,"3","40.81","-69.99",11696
3627,"4","40.81","-71.04",11697
3626,"3","40.01","-73.05",11684
3626,"4","40.01","-73.92",11685
3626,"1","40.68","-73.92",11686
3626,"2","40.68","-73.05",11687
3624,"1","39.42","-74.46",11676
3624,"4","38.76","-74.46",11679
3624,"3","38.76","-73.6",11678
3624,"2","39.42","-73.6",11677
3622,"3","40.26","-69.07",11666
3622,"2","40.86","-69.07",11665
3622,"1","40.86","-69.86",11664
3622,"4","40.26","-69.85",11667
3621,"3","40.34","-69.47",11660
3621,"2","41.07","-69.46",11663
3621,"1","41.07","-70.43",11662
3621,"4","40.34","-70.43",11661
3620,"3","40.81","-69.99",11658
3620,"2","41.56","-69.99",11657
3620,"1","41.56","-71.05",11656
3620,"4","40.81","-71.04",11659
3619,"1","38.64","-75.07",11638
3619,"4","37.97","-75.07",11637
3619,"3","37.97","-74.22",11636
3619,"2","38.64","-74.22",11639
3618,"3","40.01","-73.05",11618
3618,"2","40.68","-73.05",11617
3618,"1","40.68","-73.92",11616
3618,"4","40.01","-73.92",11619
3617,"3","40.34","-69.47",11600
3617,"2","41.07","-69.46",11603
3617,"1","41.07","-70.43",11602
3617,"4","40.34","-70.43",11601
3616,"3","40.26","-69.07",11598
3616,"2","40.86","-69.07",11597
3616,"1","40.86","-69.86",11596
3616,"4","40.26","-69.85",11599
3615,"3","37.97","-74.22",11576
3615,"2","38.64","-74.22",11579
3615,"1","38.64","-75.07",11578
3615,"4","37.97","-75.07",11577
3614,"1","41.11","-72.9",11528
3614,"4","40.44","-72.9",11531
3614,"3","40.44","-72.02",11530
3614,"2","41.11","-72.02",11529
3613,"1","40.68","-73.92",11524
3613,"4","40.01","-73.92",11527
3613,"3","40.01","-73.05",11526
3613,"2","40.68","-73.05",11525
3611,"1","38.97","-75.02",11516
3611,"4","38.31","-75.02",11519
3611,"3","38.31","-74.18",11518
3611,"2","38.97","-74.18",11517
3610,"3","36.38","-75.06",11500
3610,"2","37.05","-75.06",11503
3610,"1","37.05","-75.89",11502
3610,"4","36.38","-75.88",11501
3609,"3","40.34","-69.47",11498
3609,"2","41.07","-69.46",11497
3609,"1","41.07","-70.43",11496
3609,"4","40.34","-70.43",11499
3608,"1","38.64","-75.07",11482
3608,"4","37.97","-75.07",11481
3608,"3","37.97","-74.22",11480
3608,"2","38.64","-74.22",11483
3607,"3","37.97","-74.22",11476
3607,"2","38.64","-74.22",11479
3607,"1","38.64","-75.07",11478
3607,"4","37.97","-75.07",11477
3606,"3","36.38","-75.06",11422
3606,"2","37.05","-75.06",11421
3606,"1","37.05","-75.89",11420
3606,"4","36.38","-75.88",11423
3605,"1","41.07","-70.43",11416
3605,"4","40.34","-70.43",11419
3605,"3","40.34","-69.47",11418
3605,"2","41.07","-69.46",11417
3604,"3","37.97","-74.22",11398
3604,"2","38.64","-74.22",11397
3604,"1","38.64","-75.07",11396
3604,"4","37.97","-75.07",11399
3603,"1","38.64","-75.07",11376
3603,"4","37.97","-75.07",11379
3603,"3","37.97","-74.22",11378
3603,"2","38.64","-74.22",11377
3602,"1","40.59","-73.66",11356
3602,"4","39.93","-73.65",11359
3602,"3","39.93","-72.79",11358
3602,"2","40.59","-72.78",11357
3601,"3","36.65","-74.84",11338
3601,"2","37.38","-74.84",11337
3601,"1","37.38","-75.74",11336
3601,"4","36.65","-75.74",11339
3600,"1","30.07485","-81.5032",11320
3600,"4","29.41515","-81.5032",11323
3600,"3","29.41515	","-80.7434",11322
3600,"2","30.07485","-80.7434",11321
3597,"1","40.59","-73.66",11288
3597,"4","39.93","-73.65",11291
3597,"3","39.93","-72.79",11290
3597,"2","40.59","-72.78",11289
3596,"3","38.74","-73.75",11284
3596,"2","39.41","-73.74",11287
3596,"1","39.41","-74.6",11286
3596,"4","38.74","-74.6",11285
3595,"1","38.64","-75.07",11276
3595,"4","37.97","-75.07",11279
3595,"3","37.97","-74.22",11278
3595,"2","38.64","-74.22",11277
3594,"3","40.34","-69.08",11258
3594,"2","41.07","-69.08",11257
3594,"1","41.07","-70.03",11256
3594,"4","40.34","-70.03",11259
3593,"1","41.06","-70.6",11248
3593,"4","40.4","-70.59",11251
3593,"3","40.4","-69.73",11250
3593,"2","41.06","-69.73",11249
3592,"3","40.71","-69.79",11246
3592,"2","41.42","-69.79",11245
3592,"1","41.42","-70.73",11244
3592,"4","40.71","-70.72",11247
3591,"1","41.06","-70.6",11240
3591,"4","40.4","-70.59",11243
3591,"3","40.4","-69.73",11242
3591,"2","41.06","-69.73",11241
3590,"3","40.71","-69.79",11238
3590,"2","41.42","-69.79",11237
3590,"1","41.42","-70.73",11236
3590,"4","40.71","-70.72",11239
3589,"1","40.59","-73.66",11220
3589,"4","39.93","-73.65",11223
3589,"3","39.93","-72.79",11222
3589,"2","40.59","-72.78",11221
3588,"3","38.74","-73.75",11218
3588,"2","39.41","-73.74",11217
3588,"1","39.41","-74.6",11216
3588,"4","38.74","-74.6",11219
3587,"1","41.41","-70.87",11196
3587,"4","40.75","-70.87",11199
3587,"3","40.75","-69.99",11198
3587,"2","41.41","-69.99",11197
3586,"1","38.64","-75.07",11188
3586,"4","37.97","-75.07",11191
3586,"3","37.97","-74.22",11190
3586,"2","38.64","-74.22",11189
3585,"1","41.06","-70.6",11184
3585,"4","40.4","-70.59",11187
3585,"3","40.4","-69.73",11186
3585,"2","41.06","-69.73",11185
3583,"1","40.59","-73.66",11176
3583,"4","39.93","-73.65",11179
3583,"3","39.93","-72.79",11178
3583,"2","40.59","-72.78",11177
3582,"1","39.41","-74.6",11156
3582,"4","38.74","-74.6",11159
3582,"3","38.74","-73.75",11158
3582,"2","39.41","-73.74",11157
3581,"3","37.97","-74.22",11142
3581,"2","38.64","-74.22",11141
3581,"1","38.64","-75.07",11140
3581,"4","37.97","-75.07",11143
3580,"3","41.51","-69.95",11138
3580,"2","42.15","-69.94",11137
3580,"1","42.15","-70.79",11136
3580,"4","41.51","-70.79",11139
3579,"1","40.59","-73.66",11116
3579,"4","39.93","-73.65",11119
3579,"3","39.93","-72.79",11118
3579,"2","40.59","-72.78",11117
3578,"3","40.66","-70.16",11098
3578,"2","41.33","-70.16",11097
3578,"1","41.33","-71.04",11096
3578,"4","40.66","-71.04",11099
3577,"1","43.26","-70.69",11040
3577,"2","43.26","-69.79",11041
3577,"3","42.6","-69.79",11042
3577,"4","42.6","-70.69",11043
3576,"1","38.64","-75.07",11036
3576,"4","37.97","-75.07",11039
3576,"3","37.97","-74.22",11038
3576,"2","38.64","-74.22",11037
3575,"3","38.74","-73.75",11022
3575,"2","39.41","-73.74",11021
3575,"1","39.41","-74.6",11020
3575,"4","38.74","-74.6",11023
3574,"1","43.84","-69.22",10996
3574,"4","43.17","-69.22",10999
3574,"3","43.17","-68.3",10998
3574,"2","43.84","-68.3",10997
3573,"1","38.64","-75.07",10988
3573,"4","37.97","-75.07",10991
3573,"3","37.97","-74.22",10990
3573,"2","38.64","-74.22",10989
3572,"1","39.41","-74.6",10976
3572,"4","38.74","-74.6",10979
3572,"3","38.74","-73.75",10978
3572,"2","39.41","-73.74",10977
3571,"1","41.26","-70.39",10968
3571,"4","40.6","-70.38",10971
3571,"3","40.6","-69.52",10970
3571,"2","41.26","-69.51",10969
3570,"1","41.41","-70.75",10964
3570,"4","40.75","-70.74",10967
3570,"3","40.75","-69.87",10966
3570,"2","41.41","-69.86",10965
3569,"3","42.79","-69.62",10962
3569,"2","43.51","-69.61",10961
3569,"1","43.51","-70.61",10960
3569,"4","42.79","-70.6",10963
3568,"1","43.49","-70.58",10956
3568,"4","42.81","-70.57",10959
3568,"3","42.81","-69.64",10958
3568,"2","43.49","-69.64",10957
3567,"1","40.68","-73.92",10940
3567,"4","40.01","-73.92",10943
3567,"3","40.01","-73.05",10942
3567,"2","40.68","-73.05",10941
3566,"1","38.64","-75.07",10936
3566,"4","37.97","-75.07",10939
3566,"3","37.97","-74.22",10938
3566,"2","38.64","-74.22",10937
3565,"1","39.41","-74.6",10916
3565,"4","38.74","-74.6",10919
3565,"3","38.74","-73.75",10918
3565,"2","39.41","-73.74",10917
3564,"1","41.29","-70.34",10896
3564,"4","40.68","-70.33",10899
3564,"3","40.68","-69.5",10898
3564,"2","41.29","-69.49",10897
3563,"1","41.36","-70.21",10876
3563,"4","40.6","-70.21",10879
3563,"3","40.6","-69.26",10878
3563,"2","41.36","-69.25",10877
3562,"1","41.36","-70.21",10856
3562,"4","40.6","-70.21",10859
3562,"3","40.6","-69.26",10858
3562,"2","41.36","-69.25",10857
3561,"1","41.36","-70.21",10836
3561,"4","40.6","-70.21",10839
3561,"3","40.6","-69.26",10838
3561,"2","41.36","-69.25",10837
3560,"1","42.8","-71.11",10808
3560,"4","42.13","-71.11",10811
3560,"3","42.13","-70.21",10810
3560,"2","42.8","-70.21",10809
3559,"1","42.67","-71.29",10804
3559,"4","42.04","-71.28",10807
3559,"3","42.04","-70.3",10806
3559,"2","42.67","-70.3",10805
3558,"1","42.55","-71.04",10800
3558,"4","41.91","-71.04",10803
3558,"3","41.91","-70.14",10802
3558,"2","42.55","-70.13",10801
3557,"1","43.03","-71.09",10796
3557,"4","42.37","-71.09",10799
3557,"3","42.37","-70.2",10798
3557,"2","43.03","-70.19",10797
3556,"1","42.67","-71.29",10792
3556,"4","42.04","-71.28",10795
3556,"3","42.04","-70.3",10794
3556,"2","42.67","-70.3",10793
3555,"1","42.55","-71.04",10788
3555,"4","41.91","-71.04",10791
3555,"3","41.91","-70.14",10790
3555,"2","42.55","-70.13",10789
3554,"1","43.03","-71.09",10784
3554,"4","42.37","-71.09",10787
3554,"3","42.37","-70.2",10786
3554,"2","43.03","-70.19",10785
3553,"1","40.95","-70.06",10752
3553,"4","40.33","-70.05",10755
3553,"3","40.33","-69.25",10754
3553,"2","40.95","-69.25",10753
3552,"1","42.67","-71.29",10744
3552,"4","42.04","-71.28",10747
3552,"3","42.04","-70.3",10746
3552,"2","42.67","-70.3",10745
3551,"1","42.55","-71.04",10740
3551,"4","41.91","-71.04",10743
3551,"3","41.91","-70.14",10742
3551,"2","42.55","-70.13",10741
3550,"1","43.03","-71.09",10712
3550,"4","42.37","-71.09",10715
3550,"3","42.37","-70.2",10714
3550,"2","43.03","-70.19",10713
3549,"1","41.41","-70.63",10696
3549,"4","40.81","-70.62",10699
3549,"3","40.81","-69.83",10698
3549,"2","41.41","-69.83",10697
3548,"1","42.77","-71.08",10692
3548,"4","42.1","-71.08",10695
3548,"3","42.1","-70.18",10694
3548,"2","42.77","-70.18",10693
3547,"1","42.01","-70.14",10672
3547,"4","41.34","-70.13",10675
3547,"3","41.34","-69.25",10674
3547,"2","42.01","-69.24",10673
3546,"2","40.59","-72.78",10668
3546,"1","40.59","-73.66",10671
3546,"4","39.93","-73.65",10670
3546,"3","39.93","-72.79",10669
3545,"1","42.77","-71.08",10664
3545,"4","42.1","-71.08",10667
3545,"3","42.1","-70.18",10666
3545,"2","42.77","-70.18",10665
3543,"1","39.41","-74.6",10656
3543,"4","38.74","-74.6",10659
3543,"3","38.74","-73.75",10658
3543,"2","39.41","-73.74",10657
3542,"1","41.41","-70.63",10652
3542,"4","40.81","-70.62",10655
3542,"3","40.81","-69.83",10654
3542,"2","41.41","-69.83",10653
3541,"1","41.62","-71.24",10640
3541,"4","40.94","-71.24",10643
3541,"3","40.94","-70.33",10642
3541,"2","41.62","-70.33",10641
3539,"2","41.63","-70.54",10632
3539,"1","41.63","-71.43",10635
3539,"3","40.96","-70.54",10634
3539,"4","40.96","-71.42",10633
3538,"2","40.59","-72.78",10613
3538,"1","40.59","-73.66",10612
3538,"4","39.93","-73.65",10615
3538,"3","39.93","-72.79",10614
3537,"1","42.62","-71.04",10592
3537,"4","41.96","-71.03",10595
3537,"3","41.96","-70.15",10594
3537,"2","42.62","-70.14",10593
3536,"1","38.64","-75.07",10588
3536,"4","37.97","-75.07",10591
3536,"3","37.97","-74.22",10590
3536,"2","38.64","-74.22",10589
3535,"1","37.3","-75.44",10580
3535,"4","36.64","-75.43",10583
3535,"3","36.64","-74.61",10582
3535,"2","37.3","-74.61",10581
3534,"1","41.42","-71.16",10584
3534,"4","40.68","-71.16",10587
3534,"3","40.68","-70.18",10586
3534,"2","41.42","-70.17",10585
3533,"1","42.77","-71.08",10572
3533,"4","42.1","-71.08",10575
3533,"3","42.1","-70.18",10574
3533,"2","42.77","-70.18",10573
3532,"1","40.59","-73.66",10556
3532,"4","39.93","-73.65",10559
3532,"3","39.93","-72.79",10558
3532,"2","40.59","-72.78",10557
3531,"2","41.63","-70.54",10552
3531,"1","41.63","-71.43",10555
3531,"3","40.96","-70.54",10554
3531,"4","40.96","-71.42",10553
3530,"1","41.42","-71.16",10544
3530,"4","40.68","-71.16",10547
3530,"3","40.68","-70.18",10546
3530,"2","41.42","-70.17",10545
3529,"1","42.62","-71.04",10540
3529,"4","41.96","-71.03",10543
3529,"3","41.96","-70.15",10542
3529,"2","42.62","-70.14",10541
3528,"2","39.41","-73.74",10536
3528,"3","38.74","-73.75",10539
3528,"4","38.74","-74.6",10538
3528,"1","39.41","-74.6",10537
3527,"1","42.77","-71.08",10532
3527,"4","42.1","-71.08",10535
3527,"3","42.1","-70.18",10534
3527,"2","42.77","-70.18",10533
3526,"1","41.31","-70.97",10512
3526,"4","40.65","-70.97",10515
3526,"3","40.65","-70.09",10514
3526,"2","41.31","-70.09",10513
3525,"1","39","-74.37",10500
3525,"4","38.33","-74.37",10503
3525,"3","38.33","-73.52",10502
3525,"2","39","-73.52",10501
3524,"1","41.28","-70.49",10496
3524,"4","40.6","-70.49",10499
3524,"3","40.6","-69.59",10498
3524,"2","41.28","-69.59",10497
3523,"2","41.63","-70.54",10492
3523,"1","41.63","-71.43",10495
3523,"3","40.96","-70.54",10494
3523,"4","40.96","-71.42",10493
3522,"1","38.64","-75.07",10480
3522,"4","37.97","-75.07",10483
3522,"3","37.97","-74.22",10482
3522,"2","38.64","-74.22",10481
3521,"2","39.41","-73.74",10476
3521,"3","38.74","-73.75",10479
3521,"4","38.74","-74.6",10478
3521,"1","39.41","-74.6",10477
3520,"1","42.77","-71.08",10472
3520,"4","42.1","-71.08",10475
3520,"3","42.1","-70.18",10474
3520,"2","42.77","-70.18",10473
3519,"1","40.59","-73.66",10460
3519,"4","39.93","-73.65",10463
3519,"3","39.93","-72.79",10462
3519,"2","40.59","-72.78",10461
3518,"2","41.63","-70.54",10456
3518,"1","41.63","-71.43",10459
3518,"4","40.96","-71.42",10458
3518,"3","40.96","-70.54",10457
3517,"2","41.63","-70.54",10454
3517,"1","41.63","-71.43",10453
3517,"3","40.96","-70.54",10452
3517,"4","40.96","-71.42",10455
3516,"4","38.74","-74.6",10434
3516,"1","39.41","-74.6",10433
3516,"2","39.41","-73.74",10432
3516,"3","38.74","-73.75",10435
3515,"1","38.64","-75.07",10416
3515,"4","37.97","-75.07",10419
3515,"3","37.97","-74.22",10418
3515,"2","38.64","-74.22",10417
3514,"1","40.59","-73.66",10412
3514,"4","39.93","-73.65",10415
3514,"3","39.93","-72.79",10414
3514,"2","40.59","-72.78",10413
3513,"2","41.63","-70.54",10397
3513,"1","41.63","-71.43",10396
3513,"4","40.96","-71.42",10399
3513,"3","40.96","-70.54",10398
3512,"3","40.96","-70.54",10394
3512,"4","40.96","-71.42",10395
3512,"2","41.63","-70.54",10393
3512,"1","41.63","-71.43",10392
3511,"2","39.41","-73.74",10372
3511,"3","38.74","-73.75",10375
3511,"4","38.74","-74.6",10374
3511,"1","39.41","-74.6",10373
3510,"1","41.12","-70.56",10356
3510,"4","40.43","-70.55",10359
3510,"3","40.43","-69.55",10358
3510,"2","41.12","-69.54",10357
3508,"1","41.23","-70.00",10332
3508,"4","40.45","-70.00",10335
3508,"3","40.45","-68.98",10334
3508,"2","41.23","-68.97",10333
3507,"2","39.41","-73.74",10312
3507,"3","38.74","-73.75",10315
3507,"4","38.74","-74.6",10314
3507,"1","39.41","-74.6",10313
3506,"3","40.01","-73.05",10292
3506,"2","40.68","-73.05",10295
3506,"1","40.68","-73.92",10294
3506,"4","40.01","-73.92",10293
3505,"1","34.567","-76.2",10274
3505,"4","35.233","-76.2",10277
3505,"3","35.233","-75.4",10276
3505,"2","34.567","-75.4",10275
3504,"1","41.12","-70.56",10261
3504,"4","40.43","-70.55",10264
3504,"3","40.43","-69.55",10263
3504,"2","41.12","-69.54",10262
3503,"3","37.97","-74.22",10242
3503,"2","38.64","-74.22",10241
3503,"1","38.64","-75.07",10240
3503,"4","37.97","-75.07",10243
3502,"1","40.68","-73.92",10236
3502,"4","40.01","-73.92",10239
3502,"3","40.01","-73.05",10238
3502,"2","40.68","-73.05",10237
3501,"2","39.41","-73.74",10232
3501,"3","38.74","-73.75",10235
3501,"4","38.74","-74.6",10234
3501,"1","39.41","-74.6",10233
3500,"1","38.64","-75.07",10216
3500,"4","37.97","-75.07",10219
3500,"3","37.97","-74.22",10218
3500,"2","38.64","-74.22",10217
3499,"2","39.41","-73.74",10214
3499,"3","38.74","-73.75",10213
3499,"4","38.74","-74.6",10212
3499,"1","39.41","-74.6",10215
3498,"4","35.233","-76.2",10192
3498,"3","35.233","-75.4",10195
3498,"2","34.567","-75.4",10194
3498,"1","34.567","-76.2",10193
3497,"1","35.57","-75.52",10172
3497,"4","34.9","-75.52",10175
3497,"3","34.9","-74.71",10174
3497,"2","35.57","-74.71",10173
3496,"1","40.59","-73.66",10160
3496,"4","39.93","-73.65",10163
3496,"3","39.93","-72.79",10162
3496,"2","40.59","-72.78",10161
3495,"1","38.64","-75.07",10156
3495,"4","37.97","-75.07",10159
3495,"3","37.97","-74.22",10158
3495,"2","38.64","-74.22",10157
3494,"4","38.74","-74.6",10152
3494,"1","39.41","-74.6",10155
3494,"2","39.41","-73.74",10154
3494,"3","38.74","-73.75",10153
3493,"1","38.64","-75.07",10120
3493,"4","37.97","-75.07",10123
3493,"3","37.97","-74.22",10122
3493,"2","38.64","-74.22",10121
3492,"4","38.74","-74.6",10116
3492,"1","39.41","-74.6",10119
3492,"2","39.41","-73.74",10118
3492,"3","38.74","-73.75",10117
3491,"1","40.59","-73.66",10112
3491,"4","39.93","-73.65",10115
3491,"3","39.93","-72.79",10114
3491,"2","40.59","-72.78",10113
3490,"4","38.74","-74.6",10097
3490,"1","39.41","-74.6",10100
3490,"2","39.41","-73.74",10099
3490,"3","38.74","-73.75",10098
3489,"1","40.59","-73.66",10093
3489,"4","39.93","-73.65",10096
3489,"3","39.93","-72.79",10095
3489,"2","40.59","-72.78",10094
3488,"1","39.41","-74.60",10092
3488,"2","39.41","-73.74",8145
3488,"3","38.74","-73.75",8144
3488,"4","38.74","-74.60",8147
3487,"1","40.59","-73.66",10072
3487,"4","39.93","-73.65",10075
3487,"3","39.93","-72.79",10074
3487,"2","40.59","-72.78",10073
3486,"1","41.34","-70.54",10052
3486,"4","40.58","-70.53",10055
3486,"3","40.58","-69.53",10054
3486,"2","41.34","-69.53",10053
3485,"3","37.97","-74.22",10034
3485,"2","38.64","-74.22",10033
3485,"1","38.64","-75.07",10032
3485,"4","37.97","-75.07",10035
3484,"1","41.34","-70.54",10014
3484,"4","40.58","-70.53",10013
3484,"3","40.58","-69.53",10012
3484,"2","41.34","-69.53",10015
3483,"1","43.6","-68.96",9992
3483,"4","42.94","-68.96",9995
3483,"3","42.94","-68.05",9994
3483,"2","43.6","-68.05",9993
3482,"3","40.58","-69.53",9988
3482,"2","41.34","-69.53",9991
3482,"1","41.34","-70.54",9990
3482,"4","40.58","-70.53",9989
3481,"3","40.58","-69.53",9981
3481,"2","41.34","-69.53",9980
3481,"1","41.34","-70.54",9979
3481,"4","40.58","-70.53",9982
3480,"1","41.34","-70.54",9959
3480,"4","40.58","-70.53",9962
3480,"3","40.58","-69.53",9961
3480,"2","41.34","-69.53",9960
3479,"4","36.233","-76.0",9951
3479,"3","36.233","-75.183",9950
3479,"2","35.583","-75.183",9949
3479,"1","35.583","-76.0",9948
3478,"1","38.64","-75.07",9955
3478,"2","38.64","-74.22",9958
3478,"3","37.97","-74.22",9957
3478,"4","37.97","-75.07",9956
3477,"1","41.34","-70.54",9908
3477,"4","40.58","-70.53",9911
3477,"3","40.58","-69.53",9910
3477,"2","41.34","-69.53",9909
3476,"1","41.43","-70.54",9888
3476,"4","40.68","-70.54",9891
3476,"3","40.68","-69.5",9890
3476,"2","41.43","-69.5",9889
3475,"1","41.4","-70.5",9868
3475,"4","40.67","-70.49",9871
3475,"3","40.67","-69.54",9870
3475,"2","41.4","-69.53",9869
3474,"3","40.35","-69",9860
3474,"2","41.01","-69",9863
3474,"1","41.01","-69.87",9862
3474,"4","40.35","-69.86",9861
3473,"1","41.4","-70.5",9856
3473,"4","40.67","-70.49",9859
3473,"3","40.67","-69.54",9858
3473,"2","41.4","-69.53",9857
3472,"1","40.43","-69.19",9852
3472,"4","40.43","-70.06",9855
3472,"3","41.09","-70.06",9854
3472,"2","41.09","-69.19",9853
3471,"1","40.67","-69.53",9848
3471,"4","40.67","-70.5",9851
3471,"3","41.4","-70.5",9850
3471,"2","41.4","-69.53",9849
3470,"3","40.35","-69",9830
3470,"2","41.01","-69",9829
3470,"1","41.01","-69.87",9828
3470,"4","40.35","-69.86",9831
3469,"3","40.73","-70.39",9770
3469,"4","40.73","-71.27",9771
3469,"2","41.39","-70.39",9769
3469,"1","41.39","-71.27",9768
3468,"1","41.583","-69.5",9692
3468,"4","41.583","-70.367",9695
3468,"3","42.267","-70.367",9694
3468,"2","42.267","-69.5",9693
3467,"3","42","-69.66",9690
3467,"2","42.67","-69.66",9689
3467,"1","42.67","-70.56",9688
3467,"4","42","-70.56",9691
3466,"1","42.65","-71.1",9668
3466,"4","41.9","-71.09",9671
3466,"3","41.9","-70.15",9670
3466,"2","42.65","-70.14",9669
3465,"1","42.65","-71.1",9664
3465,"4","41.9","-71.09",9667
3465,"3","41.9","-70.15",9666
3465,"2","42.65","-70.14",9665
3462,"1","41.94","-70.27",9648
3462,"4","41.25","-70.27",9651
3462,"3","41.25","-69.39",9650
3462,"2","41.94","-69.39",9649
3461,"1","41.02","-70.77",9644
3461,"4","40.32","-70.77",9647
3461,"3","40.32","-69.84",9646
3461,"2","41.02","-69.84",9645
3460,"3","40.67","-69.65",9640
3460,"2","41.38","-69.65",9643
3460,"1","41.38","-70.59",9642
3460,"4","40.67","-70.58",9641
3459,"1","42.65","-71.1",9636
3459,"4","41.9","-71.09",9639
3459,"3","41.9","-70.15",9638
3459,"2","42.65","-70.14",9637
3458,"1","40.7","-71.57",9616
3458,"4","40.04","-71.57",9619
3458,"3","40.04","-70.75",9618
3458,"2","40.7","-70.75",9617
3457,"1","41.02","-70.77",9576
3457,"4","40.32","-70.77",9579
3457,"3","40.32","-69.84",9578
3457,"2","41.02","-69.84",9577
3456,"3","40.67","-69.65",9572
3456,"2","41.38","-69.65",9575
3456,"1","41.38","-70.59",9574
3456,"4","40.67","-70.58",9573
3455,"3","40.69","-70.25",9568
3455,"2","41.35","-70.25",9571
3455,"1","41.35","-71.1",9570
3455,"4","40.69","-71.09",9569
3453,"3","42.14","-70.16",9562
3453,"2","42.81","-70.15",9561
3453,"1","42.81","-71.06",9560
3453,"4","42.14","-71.05",9563
3452,"3","40.67","-69.65",9524
3452,"2","41.38","-69.65",9531
3452,"1","41.38","-70.59",9526
3452,"4","40.67","-70.58",9525
3451,"3","40.69","-70.25",9518
3451,"2","41.35","-70.25",9517
3451,"1","41.35","-71.1",9516
3451,"4","40.69","-71.09",9519
3450,"3","40.67","-69.65",9500
3450,"2","41.38","-69.65",9503
3450,"1","41.38","-70.59",9502
3450,"4","40.67","-70.58",9501
3449,"1","41.35","-71.1",9496
3449,"2","41.35","-70.25",9497
3449,"3","40.69","-70.25",9498
3449,"4","40.69","-71.09",9499
3448,"1","37.16","-75.67",9476
3448,"4","36.53","-75.66",9479
3448,"3","36.53","-74.85",9478
3448,"2","37.16","-74.85",9477
3447,"1","39.41","-74.6",9460
3447,"4","38.74","-74.6",9463
3447,"3","38.74","-73.75",9462
3447,"2","39.41","-73.74",9461
3446,"1","42.66","-70.86",9456
3446,"4","42","-70.85",9459
3446,"3","42","-69.96",9458
3446,"2","42.66","-69.95",9457
3445,"3","40.67","-69.65",9436
3445,"2","41.38","-69.65",9439
3445,"1","41.38","-70.59",9438
3445,"4","40.67","-70.58",9437
3444,"1","38.99","-74.43",9416
3444,"4","38.32","-74.43",9419
3444,"3","38.32","-73.58",9418
3444,"2","38.99","-73.57",9417
3443,"1","39.41","-74.6",9400
3443,"4","38.74","-74.6",9403
3443,"3","38.74","-73.75",9402
3443,"2","39.41","-73.74",9401
3442,"1","42.66","-70.86",9396
3442,"4","42","-70.85",9399
3442,"3","42","-69.96",9398
3442,"2","42.66","-69.95",9397
3441,"3","40.67","-69.65",9378
3441,"2","41.38","-69.65",9377
3441,"1","41.38","-70.59",9376
3441,"4","40.67","-70.58",9379
3440,"1","39.41","-74.6",9336
3440,"4","38.74","-74.6",9339
3440,"3","38.74","-73.75",9338
3440,"2","39.41","-73.74",9337
3439,"1","41.38","-70.59",9332
3439,"4","40.67","-70.58",9335
3439,"3","40.67","-69.65",9334
3439,"2","41.38","-69.65",9333
3438,"1","42.79","-70.76",9312
3438,"4","42.12","-70.75",9315
3438,"3","42.12","-69.86",9314
3438,"2","42.79","-69.85",9313
3437,"1","35.633","-75.46",9300
3437,"2","35.633","-74.8",9301
3437,"3","34.95","-74.8",9305
3437,"4","34.95","-75.633",9303
3437,"5","35.216","-75.633",9304
3437,"6","35.216","-75.528",9302
3436,"1","39.41","-74.6",9292
3436,"4","38.74","-74.6",9295
3436,"3","38.74","-73.75",9294
3436,"2","39.41","-73.74",9293
3435,"1","41.41","-70.35",9276
3435,"4","40.74","-70.34",9279
3435,"3","40.74","-69.46",9278
3435,"2","41.41","-69.46",9277
3434,"3","40.01","-73.05",9274
3434,"4","40.01","-73.92",9275
3434,"2","40.68","-73.05",9273
3434,"1","40.68","-73.92",9272
3433,"1","39.78","-74.37",9252
3433,"4","39.12","-74.36",9255
3433,"3","39.12","-73.52",9254
3433,"2","39.78","-73.51",9253
3432,"1","37.15","-75.87",9244
3432,"4","36.49","-75.86",9247
3432,"3","36.49","-75.05",9246
3432,"2","37.15","-75.04",9245
3431,"1","35.633","-75.46",9232
3431,"2","35.633","-74.8",9233
3431,"6","35.216","-75.528",9237
3431,"4","34.95","-75.633",9235
3431,"5","35.216","-75.633",9236
3431,"3","34.95","-74.8",9234
3429,"1","41.41","-70.92",9216
3429,"4","40.74","-70.92",9219
3429,"3","40.74","-69.99",9218
3429,"2","41.41","-69.98",9217
3428,"1","39.41","-74.6",9212
3428,"4","38.74","-74.6",9215
3428,"3","38.74","-73.75",9214
3428,"2","39.41","-73.74",9213
3427,"2","41.57","-70.84",9201
3427,"4","40.9","-71.72",9203
3427,"1","41.57","-71.72",9200
3427,"3","40.9","-70.84",9202
3426,"1","41.41","-70.92",9196
3426,"4","40.74","-70.92",9199
3426,"3","40.74","-69.99",9198
3426,"2","41.41","-69.98",9197
3425,"2","28.833","-80.76",9241
3425,"3","29.193333333333","-80.99",9242
3425,"1","28.833","-80.6",9240
3425,"5","29.75","-80.6",9239
3425,"4","29.75","-81.243",9238
3424,"1","39.41","-74.6",9116
3424,"4","38.74","-74.6",9119
3424,"3","38.74","-73.75",9118
3424,"2","39.41","-73.74",9117
3423,"1","40.68","-73.92",9112
3423,"4","40.01","-73.92",9115
3423,"3","40.01","-73.05",9114
3423,"2","40.68","-73.05",9113
3422,"1","41.43","-70.42",9092
3422,"4","40.74","-70.42",9095
3422,"3","40.74","-69.52",9094
3422,"2","41.43","-69.52",9093
3421,"1","40.68","-73.92",9072
3421,"4","40.01","-73.92",9075
3421,"3","40.01","-73.05",9074
3421,"2","40.68","-73.05",9073
3420,"1","39.41","-74.6",9052
3420,"4","38.74","-74.6",9055
3420,"3","38.74","-73.75",9054
3420,"2","39.41","-73.74",9053
3419,"1","40.68","-73.92",9032
3419,"4","40.01","-73.92",9035
3419,"3","40.01","-73.05",9034
3419,"2","40.68","-73.05",9033
3418,"1","41.02","-70.99",9028
3418,"4","40.36","-70.99",9031
3418,"3","40.36","-70.13",9030
3418,"2","41.02","-70.12",9029
3417,"1","39.41","-74.6",9008
3417,"4","38.74","-74.6",9011
3417,"3","38.74","-73.75",9010
3417,"2","39.41","-73.74",9009
3416,"1","40.68","-73.92",8988
3416,"4","40.01","-73.92",8991
3416,"3","40.01","-73.05",8990
3416,"2","40.68","-73.05",8989
3415,"2","40.99","-69.08",8985
3415,"1","40.99","-69.87",8984
3415,"4","40.39","-69.87",8987
3415,"3","40.39","-69.08",8986
3414,"1","41.27","-70.47",8980
3414,"4","40.54","-70.46",8983
3414,"3","40.54","-69.63",8982
3414,"2","41.27","-69.62",8981
3413,"1","41.27","-70.47",8960
3413,"4","40.54","-70.46",8963
3413,"3","40.54","-69.63",8962
3413,"2","41.27","-69.62",8961
3412,"1","41.27","-70.47",8940
3412,"4","40.54","-70.46",8943
3412,"3","40.54","-69.63",8942
3412,"2","41.27","-69.62",8941
3411,"1","41.27","-70.47",8930
3411,"4","40.54","-70.46",8929
3411,"3","40.54","-69.63",8928
3411,"2","41.27","-69.62",8931
3410,"3","40.54","-69.63",8880
3410,"2","41.27","-69.62",8883
3410,"1","41.27","-70.47",8882
3410,"4","40.54","-70.46",8881
3409,"3","40.54","-69.63",8862
3409,"2","41.27","-69.62",8861
3409,"1","41.27","-70.47",8860
3409,"4","40.54","-70.46",8863
3408,"3","42.08","-70.43",8582
3408,"2","42.79","-70.43",8581
3408,"1","42.79","-71.39",8580
3408,"4","42.08","-71.38",8583
3407,"1","42.79","-71.39",8560
3407,"4","42.08","-71.38",8563
3407,"3","42.08","-70.43",8562
3407,"2","42.79","-70.43",8561
3406,"3","42.07","-70.19",8542
3406,"2","42.75","-70.19",8541
3406,"1","42.75","-71.17",8540
3406,"4","42.07","-71.16",8543
3405,"1","42.75","-71.17",8536
3405,"4","42.07","-71.16",8539
3405,"3","42.07","-70.19",8538
3405,"2","42.75","-70.19",8537
3404,"1","42.73","-71.08",8532
3404,"4","42.07","-71.08",8535
3404,"3","42.07","-70.19",8534
3404,"2","42.73","-70.19",8533
3403,"3","40.36","-69.54",8516
3403,"2","41.18","-69.54",8519
3403,"1","41.18","-70.62",8518
3403,"4","40.36","-70.62",8517
3402,"1","41.03","-70.02",8514
3402,"4","40.25","-70.02",8513
3402,"3","40.25","-68.98",8512
3402,"2","41.03","-68.97",8515
3401,"3","40.36","-69.54",8496
3401,"2","41.18","-69.54",8499
3401,"1","41.18","-70.62",8498
3401,"4","40.36","-70.62",8497
3400,"3","40.25","-68.98",8494
3400,"2","41.03","-68.97",8493
3400,"1","41.03","-70.02",8492
3400,"4","40.25","-70.02",8495
3399,"3","40.36","-69.54",8458
3399,"2","41.18","-69.54",8457
3399,"1","41.18","-70.62",8456
3399,"4","40.36","-70.62",8459
3398,"3","40.36","-69.54",10817
3398,"1","41.18","-70.62",8146
3398,"2","41.18","-69.54",10816
3398,"4","40.36","-70.62",10818
3397,"3","40.36","-69.54",10819
3397,"2","41.18","-69.54",8101
3397,"1","41.18","-70.62",8100
3397,"4","40.36","-70.62",8103
3396,"1","41.18","-70.62",8064
3396,"4","40.36","-70.62",8067
3396,"3","40.36","-69.54",8066
3396,"2","41.18","-69.54",8065
3395,"2","41.58","-69.59",8049
3395,"1","41.58","-70.61",8048
3395,"4","40.86","-70.61",8051
3395,"3","40.86","-69.59",8050
3394,"3","40.86","-69.59",8046
3394,"2","41.58","-69.59",8045
3394,"1","41.58","-70.62",8044
3394,"4","40.86","-70.61",8047
3393,"1","41.17","-70.71",8024
3393,"4","40.47","-70.7",8031
3393,"3","40.47","-69.7",8030
3393,"2","41.17","-69.7",8025
3392,"3","40.41","-69.16",8004
3392,"2","41.02","-69.16",8007
3392,"1","41.02","-69.94",8006
3392,"4","40.41","-69.94",8005
3391,"3","40.41","-69.16",8002
3391,"2","41.02","-69.16",8001
3391,"1","41.02","-69.94",8000
3391,"4","40.41","-69.94",8003
3390,"3","40.72","-69.24",7982
3390,"2","41.39","-69.24",7981
3390,"1","41.39","-70.16",7980
3390,"4","40.72","-70.15",7983
3389,"1","41.39","-70.16",7940
3389,"4","40.72","-70.15",7943
3389,"3","40.72","-69.24",7942
3389,"2","41.39","-69.24",7941
3388,"1","41.24","-70.53",7922
3388,"4","40.49","-70.52",7921
3388,"3","40.49","-69.54",7920
3388,"2","41.24","-69.54",7923
3387,"3","40.49","-69.54",7914
3387,"2","41.24","-69.54",7913
3387,"1","41.24","-70.53",7912
3387,"4","40.49","-70.52",7915
3386,"1","41.24","-70.53",7892
3386,"4","40.49","-70.52",7895
3386,"3","40.49","-69.54",7894
3386,"2","41.24","-69.54",7893
3385,"1","40.900","-69.650",7852
3385,"4","40.900","-70.533",7855
3385,"3","41.567","-70.533",7854
3385,"2","41.567","-69.650",7853
3369,"3","40.733","-70.85",7834
3369,"2","40.733","-70.017",7833
3369,"1","40.067","-70.017",7832
3369,"4","40.067","-70.85",7835
3368,"3","40.78","-71.36",7816
3368,"2","40.78","-70.49",7819
3368,"1","40.12","-70.49",7818
3368,"4","40.12","-71.36",7817
3367,"3","40.65","-71.79",7814
3367,"2","40.65","-70.93",7813
3367,"1","39.99","-70.93",7812
3367,"4","39.99","-71.79",7815
3366,"1","40.067","-70.017",7748
3366,"4","40.067","-70.85",7751
3366,"3","40.733","-70.85",7750
3366,"2","40.733","-70.017",7749
3365,"1","40.083","-68.3",7744
3365,"4","40.083","-69.333",7747
3365,"3","40.8","-69.333",7746
3365,"2","40.8","-68.3",7745
3333,"1","40.73","-70.85",7740
3333,"4","40.07","-70.84",7743
3333,"3","40.07","-70.02",7742
3333,"2","40.73","-70.02",7741
3332,"3","40.09","-68.4",7738
3332,"4","40.09","-69.32",7739
3332,"1","40.8","-69.33",7736
3332,"2","40.73","-70.02",7733
3332,"3","40.07","-70.02",7734
3332,"4","40.07","-70.84",7735
3332,"1","40.73","-70.85",7732
3332,"2","40.8","-68.4",7737
3331,"1","40.12","-70.49",7699
3331,"4","40.12","-71.36",7698
3331,"3","40.78","-71.36",7697
3331,"2","40.78","-70.49",7696
3329,"3","40.65","-71.79",7630
3329,"4","39.99","-71.79",7631
3329,"1","39.99","-70.93",7628
3329,"2","40.65","-70.93",7629
3321,"3","40.78","-71.36",7638
3321,"2","40.78","-70.49",7637
3321,"1","40.12","-70.49",7636
3321,"4","40.12","-71.36",7639
3315,"3","40.65","-71.79",7642
3315,"2","40.65","-70.93",7641
3315,"1","39.99","-70.93",7640
3315,"4","39.99","-71.79",7643
3306,"2","42.67","-70.34",7493
3306,"1","42.67","-71.25",7492
3306,"3","42.03","-70.35",7494
3306,"4","42.03","-71.25",7495
3305,"3","41.2","-70.6",7454
3305,"2","41.2","-69.52",7453
3305,"1","40.47","-69.52",7452
3305,"4","40.47","-70.6",7455
3266,"4","40.47","-70.6",7415
3266,"1","40.47","-69.52",7412
3266,"2","41.2","-69.52",7413
3266,"3","41.2","-70.6",7414
3265,"2","41.2","-69.52",7033
3265,"1","40.47","-69.52",7032
3265,"3","41.2","-70.60",7034
3265,"4","40.47","-70.60",7035
3245,"2","41.2","-69.517",6993
3245,"3","41.2","-70.6",6994
3245,"1","40.467","-69.517",6992
3245,"4","40.467","-70.6",6995
3225,"1","40.467","-69.517",6972
3225,"4","40.467","-70.6",6975
3225,"3","41.2","-70.6",6974
3225,"2","41.2","-69.517",6973
3209,"2","41.2","-69.517",6915
3209,"1","40.467","-69.517",6914
3209,"4","40.467","-70.6",6913
3209,"3","41.2","-70.6",6912
3208,"4","40.467","-70.6",6873
3208,"1","40.467","-69.517",6872
3208,"3","41.2","-70.6",6874
3208,"2","41.2","-69.517",6875
3207,"3","41.2","-70.6",6792
3207,"2","41.2","-69.517",6795
3207,"1","40.467","-69.517",6794
3207,"4","40.467","-70.6",6793
3206,"2","41.2","-69.517",6775
3206,"1","40.467","-69.517",6772
3206,"3","41.2","-70.6",6774
3206,"4","40.467","-70.6",6773
3205,"1","40.467","-69.517",6756
3205,"2","41.2","-69.517",6757
3205,"3","41.2","-70.6",6758
3205,"4","40.467","-70.6",6759
3185,"4","41.4745378","-70.744585",6755
3185,"1","41.4745378","-69.8925692",6752
3185,"2","42.1121341","-69.8925692",6753
3185,"3","42.1121341","-70.744585",6754
3157,"2","41.28","-69.42",6629
3157,"3","40.40","-69.42",6630
3157,"4","40.40","-70.61",6631
3157,"1","41.28","-70.61",6628
3156,"4","38.867","-74.7",6627
3156,"1","39.55","-74.7",6624
3156,"2","39.55","-73.817",6625
3156,"3","38.867","-73.817",6626
3155,"1","42.117","-70.750",6568
3155,"2","42.117","-69.9",6569
3155,"4","41.467","-70.750",6571
3155,"3","41.467","-69.9",6570
3154,"4","40.62","-70.71",6566
3154,"2","41.28","-69.79",6567
3154,"1","41.28","-70.71",6565
3154,"3","40.62","-69.79",6564
3153,"3","40.62","-69.79",6526
3153,"2","41.28","-69.79",6525
3153,"1","41.28","-70.71",6524
3153,"4","40.62","-70.71",6527
3152,"3","40.90","-69.6",6506
3152,"4","40.90","-70.483",6507
3152,"1","41.533","-70.483",6504
3152,"2","41.533","-69.6",6505
3151,"1","42.367","-70.45",6484
3151,"3","41.733","-69.6",6486
3151,"4","41.733","-70.45",6485
3151,"2","42.367","-69.6",6487
3150,"4","42.16","-71.27",6471
3150,"3","42.16","-70.16",6470
3150,"2","42.98","-70.16",6469
3150,"1","42.98","-71.28",6468
3149,"3","41.88","-70.07",6466
3149,"2","42.54","-70.06",6465
3149,"1","42.54","-70.96",6464
3149,"4","41.88","-70.95",6467
3148,"2","41.42","-70.09",6445
3148,"3","40.76","-70.09",6446
3148,"4","40.76","-70.97",6447
3148,"1","41.42","-70.97",6444
3147,"2","42.71","-70.33",6425
3147,"1","42.71","-71.29",6424
3147,"4","42","-71.29",6427
3147,"3","42","-70.34",6426
3146,"3","36.97","-74.21",6406
3146,"1","37.68","-75.1",6404
3146,"2","37.68","-74.21",6405
3146,"4","36.97","-75.1",6407
3145,"4","40.783","-70.75",6367
3145,"2","41.467","-69.767",6365
3145,"3","41.467","-70.75",6366
3145,"1","40.783","-69.767",6364
3125,"4","40.783","-70.750",6287
3125,"2","41.467","-69.767",6285
3125,"1","40.783","-69.767",6284
3125,"3","41.467","-70.750",6286
3105,"3","31.533","-80.783",6246
3105,"4","31.833","-80.5533",6247
3105,"5","32.233","-79.95",6248
3105,"1","32.233","-79.95",6244
3105,"2","31.533","-79.95",6245
3085,"4","40.4","-70.667",6223
3085,"3","41.167","-70.667",6222
3085,"2","41.167","-69.717",6221
3085,"1","40.4","-69.717",6220
3066,"3","36.88985236","-75.30065562",6206
3066,"2","36.88985236","-74.47934438",6205
3066,"1","36.23014764","-74.47934438",6204
3066,"4","36.23014764","-75.30065562",6207
3065,"4","36.23014764","-75.30065562",6203
3065,"3","36.88985236","-75.30065562",6202
3065,"1","36.23014764","-74.47934438",6200
3065,"2","36.88985236","-74.47934438",6201
3045,"2","36.900","-73.917",6121
3045,"4","36.200","-74.783",6123
3045,"3","36.900","-74.783",6122
3045,"1","36.200","-73.917",6120
3025,"4","40.367","-70.85",6103
3025,"1","40.367","-69.617",6100
3025,"2","41.25","-69.617",6101
3025,"3","41.25","-70.85",6102
3005,"1","40.900","-69.700",6080
3005,"2","41.550","-69.700",6081
3005,"3","41.550","-70.583",6082
3005,"4","40.900","-70.583",6083
2985,"1","40.8781","-69.6046",6060
2985,"4","40.8781","-70.4814",6063
2985,"3","41.5378","-70.4814",6062
2985,"2","41.5378","-69.6046",6061
2965,"1","40.8781","-69.6046",6040
2965,"4","40.8781","-70.4814",6043
2965,"3","41.5378","-70.4814",6042
2965,"2","41.5378","-69.6046",6041
2945,"1","40.78548","-70.39455672",6020
2945,"4","40.78548","-69.73169328",6023
2945,"3","41.28548","-69.73169328",6022
2945,"2","41.28548","-70.39455672",6021
2927,"1","","",6008
2927,"4","","",6011
2927,"3","","",6010
2927,"2","","",6009
2926,"1","","",6004
2926,"4","","",6007
2926,"3","","",6006
2926,"2","","",6005
2925,"1","","",6000
2925,"4","","",6003
2925,"3","","",6002
2925,"2","","",6001
2924,"1","","",5996
2924,"4","","",5999
2924,"3","","",5998
2924,"2","","",5997
2923,"1","","",5992
2923,"4","","",5995
2923,"3","","",5994
2923,"2","","",5993
2922,"1","","",5988
2922,"4","","",5991
2922,"3","","",5990
2922,"2","","",5989
2921,"1","","",5984
2921,"4","","",5987
2921,"3","","",5986
2921,"2","","",5985
2920,"1","","",5980
2920,"4","","",5983
2920,"3","","",5982
2920,"2","","",5981
2919,"1","","",5976
2919,"4","","",5979
2919,"3","","",5978
2919,"2","","",5977
2918,"1","","",5972
2918,"4","","",5975
2918,"3","","",5974
2918,"2","","",5973
2917,"1","","",5968
2917,"4","","",5971
2917,"3","","",5970
2917,"2","","",5969
2916,"1","","",5964
2916,"4","","",5967
2916,"3","","",5966
2916,"2","","",5965
2915,"1","","",5960
2915,"4","","",5963
2915,"3","","",5962
2915,"2","","",5961
2914,"1","","",5956
2914,"4","","",5959
2914,"3","","",5958
2914,"2","","",5957
2913,"1","","",5952
2913,"4","","",5955
2913,"3","","",5954
2913,"2","","",5953
2912,"1","","",5948
2912,"4","","",5951
2912,"3","","",5950
2912,"2","","",5949
2911,"1","","",5944
2911,"2","","",5945
2911,"3","","",5946
2911,"4","","",5947
2910,"1","","",5940
2910,"4","","",5943
2910,"2","","",5941
2910,"3","","",5942
2909,"4","","",5939
2909,"3","","",5938
2909,"2","","",5937
2909,"1","","",5936
2908,"1","","",5932
2908,"3","","",5934
2908,"4","","",5935
2908,"2","","",5933
2907,"3","","",5930
2907,"2","","",5929
2907,"1","","",5928
2907,"4","","",5931
2906,"4","","",5927
2906,"3","","",5926
2906,"2","","",5925
2906,"1","","",5924
2905,"1","","",5920
2905,"2","","",5921
2905,"4","","",5923
2905,"3","","",5922
2904,"1","","",5916
2904,"4","","",5919
2904,"2","","",5917
2904,"3","","",5918
2903,"4","","",5915
2903,"3","","",5914
2903,"2","","",5913
2903,"1","","",5912
2902,"1","","",5908
2902,"3","","",5910
2902,"4","","",5911
2902,"2","","",5909
2901,"3","","",5906
2901,"2","","",5905
2901,"1","","",5904
2901,"4","","",5907
2900,"4","","",5903
2900,"3","","",5902
2900,"1","","",5900
2900,"2","","",5901
2899,"1","","",5896
2899,"4","","",5899
2899,"3","","",5898
2899,"2","","",5897
2898,"1","","",5892
2898,"4","","",5895
2898,"3","","",5894
2898,"2","","",5893
2897,"1","","",5888
2897,"4","","",5891
2897,"3","","",5890
2897,"2","","",5889
2896,"1","","",5884
2896,"4","","",5887
2896,"3","","",5886
2896,"2","","",5885
2895,"1","","",5880
2895,"4","","",5883
2895,"3","","",5882
2895,"2","","",5881
2894,"1","","",5876
2894,"4","","",5879
2894,"3","","",5878
2894,"2","","",5877
2893,"1","","",5872
2893,"4","","",5875
2893,"3","","",5874
2893,"2","","",5873
2892,"1","","",5868
2892,"4","","",5871
2892,"3","","",5870
2892,"2","","",5869
2891,"1","","",5864
2891,"4","","",5867
2891,"3","","",5866
2891,"2","","",5865
2878,"1","","",5836
2878,"4","","",5839
2878,"3","","",5838
2878,"2","","",5837
2870,"1","42","-70",5818
2870,"4","42","-70.47988",5821
2870,"3","42.92820","-70.47988",5820
2870,"2","42.92820","-70",5819
2869,"1","","",5814
2869,"4","","",5817
2869,"3","","",5816
2869,"2","","",5815
2868,"4","42","-70.47988",5813
2868,"3","42.92820","-70.47988",5812
2868,"2","42.92820","-70",5811
2868,"1","42","-70",5810
2867,"1","42","-70",5806
2867,"4","42","-70.47988",5809
2867,"3","42.92820","-70.47988",5808
2867,"2","42.92820","-70",5807
2866,"1","42","-70",5802
2866,"4","42","-70.47988",5805
2866,"3","42.92820","-70.47988",5804
2866,"2","42.92820","-70",5803
2865,"1","42","-70",5798
2865,"4","42","-70.47988",5801
2865,"3","42.92820","-70.47988",5800
2865,"2","42.92820","-70",5799
2864,"1","42","-70",5794
2864,"4","42","-70.47988",5797
2864,"3","42.92820","-70.47988",5796
2864,"2","42.92820","-70",5795
2863,"1","42","-70",5790
2863,"4","42","-70.47988",5793
2863,"3","42.92820","-70.47988",5792
2863,"2","42.92820","-70",5791
2862,"1","42","-70",5786
2862,"4","42","-70.47988",5789
2862,"3","42.92820","-70.47988",5788
2862,"2","42.92820","-70",5787
2861,"1","42","-70",5782
2861,"4","42","-70.47988",5785
2861,"3","42.92820","-70.47988",5784
2861,"2","42.92820","-70",5783
2860,"1","42","-70",5778
2860,"4","42","-70.47988",5781
2860,"3","42.92820","-70.47988",5780
2860,"2","42.92820","-70",5779
2859,"1","42","-70",5774
2859,"4","42","-70.47988",5777
2859,"3","42.92820","-70.47988",5776
2859,"2","42.92820","-70",5775
2858,"1","42","-70",5770
2858,"4","42","-70.47988",5773
2858,"3","42.92820","-70.47988",5772
2858,"2","42.92820","-70",5771
2857,"1","42","-70",5766
2857,"4","42","-70.47988",5769
2857,"3","42.92820","-70.47988",5768
2857,"2","42.92820","-70",5767
2856,"1","42","-70",5762
2856,"4","42","-70.47988",5765
2856,"3","42.92820","-70.47988",5764
2856,"2","42.92820","-70",5763
2855,"1","42","-70",5758
2855,"4","42","-70.47988",5761
2855,"3","42.92820","-70.47988",5760
2855,"2","42.92820","-70",5759
2854,"1","42","-70",5754
2854,"4","42","-70.47988",5757
2854,"3","42.92820","-70.47988",5756
2854,"2","42.92820","-70",5755
2853,"1","42","-70",5750
2853,"4","42","-70.47988",5753
2853,"3","42.92820","-70.47988",5752
2853,"2","42.92820","-70",5751
2852,"1","42","-70",5746
2852,"4","42","-70.47988",5749
2852,"3","42.92820","-70.47988",5748
2852,"2","42.92820","-70",5747
2851,"1","42","-70",5742
2851,"4","42","-70.47988",5745
2851,"3","42.92820","-70.47988",5744
2851,"2","42.92820","-70",5743
2850,"1","42","-70",5738
2850,"4","42","-70.47988",5741
2850,"3","42.92820","-70.47988",5740
2850,"2","42.92820","-70",5739
2849,"1","42","-70",5734
2849,"4","42","-70.47988",5737
2849,"3","42.92820","-70.47988",5736
2849,"2","42.92820","-70",5735
2848,"1","42","-70",5730
2848,"4","42","-70.47988",5733
2848,"3","42.92820","-70.47988",5732
2848,"2","42.92820","-70",5731
2847,"1","42","-70",5726
2847,"4","42","-70.47988",5729
2847,"3","42.92820","-70.47988",5728
2847,"2","42.92820","-70",5727
2846,"1","42","-70",5722
2846,"4","42","-70.47988",5725
2846,"3","42.92820","-70.47988",5724
2846,"2","42.92820","-70",5723
2845,"1","42","-70",5718
2845,"4","42","-70.47988",5721
2845,"3","42.92820","-70.47988",5720
2845,"2","42.92820","-70",5719
2844,"1","42","-70",5714
2844,"4","42","-70.47988",5717
2844,"3","42.92820","-70.47988",5716
2844,"2","42.92820","-70",5715
2843,"1","42","-70",5710
2843,"4","42","-70.47988",5713
2843,"3","42.92820","-70.47988",5712
2843,"2","42.92820","-70",5711
2842,"1","42","-70",5706
2842,"4","42","-70.47988",5709
2842,"3","42.92820","-70.47988",5708
2842,"2","42.92820","-70",5707
2841,"1","42","-70",5702
2841,"4","42","-70.47988",5705
2841,"3","42.92820","-70.47988",5704
2841,"2","42.92820","-70",5703
2840,"1","42","-70",5698
2840,"4","42","-70.47988",5701
2840,"3","42.92820","-70.47988",5700
2840,"2","42.92820","-70",5699
2839,"1","42","-70",5694
2839,"4","42","-70.47988",5697
2839,"3","42.92820","-70.47988",5696
2839,"2","42.92820","-70",5695
2838,"1","42","-70",5690
2838,"4","42","-70.47988",5693
2838,"3","42.92820","-70.47988",5692
2838,"2","42.92820","-70",5691
2837,"1","42","-70",5686
2837,"4","42","-70.47988",5689
2837,"3","42.92820","-70.47988",5688
2837,"2","42.92820","-70",5687
2836,"1","42","-70",5682
2836,"4","42","-70.47988",5685
2836,"3","42.92820","-70.47988",5684
2836,"2","42.92820","-70",5683
2835,"1","42","-70",5678
2835,"4","42","-70.47988",5681
2835,"3","42.92820","-70.47988",5680
2835,"2","42.92820","-70",5679
2834,"1","42","-70",5674
2834,"4","42","-70.47988",5677
2834,"3","42.92820","-70.47988",5676
2834,"2","42.92820","-70",5675
2833,"1","42","-70",5670
2833,"4","42","-70.47988",5673
2833,"3","42.92820","-70.47988",5672
2833,"2","42.92820","-70",5671
2832,"1","42","-70",5666
2832,"4","42","-70.47988",5669
2832,"3","42.92820","-70.47988",5668
2832,"2","42.92820","-70",5667
2831,"1","42","-70",5662
2831,"4","42","-70.47988",5665
2831,"3","42.92820","-70.47988",5664
2831,"2","42.92820","-70",5663
2830,"1","42","-70",5658
2830,"4","42","-70.47988",5661
2830,"3","42.92820","-70.47988",5660
2830,"2","42.92820","-70",5659
2829,"1","42","-70",5654
2829,"4","42","-70.47988",5657
2829,"3","42.92820","-70.47988",5656
2829,"2","42.92820","-70",5655
2828,"1","42","-70",5650
2828,"2","42.92820","-70",5651
2828,"3","42.92820","-70.47988",5652
2828,"4","42","-70.47988",5653
2827,"1","42","-70",5646
2827,"4","42","-70.47988",5649
2827,"3","42.92820","-70.47988",5648
2827,"2","42.92820","-70",5647
2826,"1","42","-70",5642
2826,"4","42","-70.47988",5645
2826,"3","42.92820","-70.47988",5644
2826,"2","42.92820","-70",5643
2825,"1","42","-70",5638
2825,"4","42","-70.47988",5641
2825,"3","42.92820","-70.47988",5640
2825,"2","42.92820","-70",5639
2824,"2","42.92820","-70",5635
2824,"1","42","-70",5634
2824,"4","42","-70.47988",5637
2824,"3","42.92820","-70.47988",5636
2823,"1","42","-70",5630
2823,"4","42","-70.47988",5633
2823,"3","42.92820","-70.47988",5632
2823,"2","42.92820","-70",5631
2822,"1","42","-70",5626
2822,"4","42","-70.47988",5629
2822,"3","42.92820","-70.47988",5628
2822,"2","42.92820","-70",5627
2821,"1","42","-70",5622
2821,"4","42","-70.47988",5625
2821,"3","42.92820","-70.47988",5624
2821,"2","42.92820","-70",5623
2820,"1","42","-70",5618
2820,"4","42","-70.47988",5621
2820,"3","42.92820","-70.47988",5620
2820,"2","42.92820","-70",5619
2819,"1","42","-70",5614
2819,"4","42","-70.47988",5617
2819,"3","42.92820","-70.47988",5616
2819,"2","42.92820","-70",5615
2818,"1","42","-70",5610
2818,"4","42","-70.47988",5613
2818,"3","42.92820","-70.47988",5612
2818,"2","42.92820","-70",5611
2817,"1","42","-70",5606
2817,"4","42","-70.47988",5609
2817,"3","42.92820","-70.47988",5608
2817,"2","42.92820","-70",5607
2816,"1","42","-70",5602
2816,"4","42","-70.47988",5605
2816,"3","42.92820","-70.47988",5604
2816,"2","42.92820","-70",5603
2815,"1","42","-70",5598
2815,"4","42","-70.47988",5601
2815,"3","42.92820","-70.47988",5600
2815,"2","42.92820","-70",5599
2814,"1","42","-70",5594
2814,"4","42","-70.47988",5597
2814,"3","42.92820","-70.47988",5596
2814,"2","42.92820","-70",5595
2813,"1","42","-70",5590
2813,"4","42","-70.47988",5593
2813,"3","42.92820","-70.47988",5592
2813,"2","42.92820","-70",5591
2812,"1","42","-70",5586
2812,"4","42","-70.47988",5589
2812,"3","42.92820","-70.47988",5588
2812,"2","42.92820","-70",5587
2811,"1","42","-70",5582
2811,"4","42","-70.47988",5585
2811,"3","42.92820","-70.47988",5584
2811,"2","42.92820","-70",5583
2810,"1","42","-70",5578
2810,"4","42","-70.47988",5581
2810,"3","42.92820","-70.47988",5580
2810,"2","42.92820","-70",5579
2809,"1","42","-70",5574
2809,"4","42","-70.47988",5577
2809,"3","42.92820","-70.47988",5576
2809,"2","42.92820","-70",5575
2808,"1","42","-70",5570
2808,"4","42","-70.47988",5573
2808,"3","42.92820","-70.47988",5572
2808,"2","42.92820","-70",5571
2807,"1","42","-70",5566
2807,"4","42","-70.47988",5569
2807,"3","42.92820","-70.47988",5568
2807,"2","42.92820","-70",5567
2806,"1","42","-70",5562
2806,"4","42","-70.47988",5565
2806,"3","42.92820","-70.47988",5564
2806,"2","42.92820","-70",5563
2805,"1","42","-70",5558
2805,"4","42","-70.47988",5561
2805,"3","42.92820","-70.47988",5560
2805,"2","42.92820","-70",5559
2804,"1","42","-70",5554
2804,"4","42","-70.47988",5557
2804,"3","42.92820","-70.47988",5556
2804,"2","42.92820","-70",5555
2803,"1","42","-70",5550
2803,"4","42","-70.47988",5553
2803,"3","42.92820","-70.47988",5552
2803,"2","42.92820","-70",5551
2802,"1","42","-70",5546
2802,"4","42","-70.47988",5549
2802,"3","42.92820","-70.47988",5548
2802,"2","42.92820","-70",5547
2801,"1","42","-70",5542
2801,"4","42","-70.47988",5545
2801,"3","42.92820","-70.47988",5544
2801,"2","42.92820","-70",5543
2800,"1","42","-70",5538
2800,"4","42","-70.47988",5541
2800,"3","42.92820","-70.47988",5540
2800,"2","42.92820","-70",5539
2799,"1","42","-70",5534
2799,"4","42","-70.47988",5537
2799,"3","42.92820","-70.47988",5536
2799,"2","42.92820","-70",5535
2798,"1","42","-70",5530
2798,"4","42","-70.47988",5533
2798,"3","42.92820","-70.47988",5532
2798,"2","42.92820","-70",5531
2797,"1","42","-70",5526
2797,"4","42","-70.47988",5529
2797,"3","42.92820","-70.47988",5528
2797,"2","42.92820","-70",5527
2796,"1","42","-70",5522
2796,"4","42","-70.47988",5525
2796,"3","42.92820","-70.47988",5524
2796,"2","42.92820","-70",5523
2795,"1","42","-70",5518
2795,"4","42","-70.47988",5521
2795,"3","42.92820","-70.47988",5520
2795,"2","42.92820","-70",5519
2794,"3","42.92820","-70.47988",5516
2794,"2","42.92820","-70",5515
2794,"1","42","-70",5514
2794,"4","42","-70.47988",5517
2793,"1","42","-70",5510
2793,"4","42","-70.47988",5513
2793,"3","42.92820","-70.47988",5512
2793,"2","42.92820","-70",5511
2792,"1","42","-70",5506
2792,"4","42","-70.47988",5509
2792,"3","42.92820","-70.47988",5508
2792,"2","42.92820","-70",5507
2791,"1","42","-70",5502
2791,"4","42","-70.47988",5505
2791,"3","42.92820","-70.47988",5504
2791,"2","42.92820","-70",5503
2790,"1","42","-70",5498
2790,"4","42","-70.47988",5501
2790,"3","42.92820","-70.47988",5500
2790,"2","42.92820","-70",5499
2789,"1","42","-70",5494
2789,"4","42","-70.47988",5497
2789,"3","42.92820","-70.47988",5496
2789,"2","42.92820","-70",5495
2788,"1","42","-70",5490
2788,"4","42","-70.47988",5493
2788,"3","42.92820","-70.47988",5492
2788,"2","42.92820","-70",5491
2787,"1","42","-70",5486
2787,"4","42","-70.47988",5489
2787,"3","42.92820","-70.47988",5488
2787,"2","42.92820","-70",5487
2786,"1","42","-70",5482
2786,"4","42","-70.47988",5485
2786,"3","42.92820","-70.47988",5484
2786,"2","42.92820","-70",5483
2785,"1","42","-70",5478
2785,"4","42","-70.47988",5481
2785,"3","42.92820","-70.47988",5480
2785,"2","42.92820","-70",5479
2784,"1","42","-70",5474
2784,"4","42","-70.47988",5477
2784,"3","42.92820","-70.47988",5476
2784,"2","42.92820","-70",5475
2783,"1","42","-70",5470
2783,"4","42","-70.47988",5473
2783,"3","42.92820","-70.47988",5472
2783,"2","42.92820","-70",5471
2782,"1","42","-70",5466
2782,"4","42","-70.47988",5469
2782,"3","42.92820","-70.47988",5468
2782,"2","42.92820","-70",5467
2781,"1","42","-70",5462
2781,"4","42","-70.47988",5465
2781,"3","42.92820","-70.47988",5464
2781,"2","42.92820","-70",5463
2780,"1","42","-70",5458
2780,"4","42","-70.47988",5461
2780,"3","42.92820","-70.47988",5460
2780,"2","42.92820","-70",5459
2779,"1","42","-70",5454
2779,"4","42","-70.47988",5457
2779,"3","42.92820","-70.47988",5456
2779,"2","42.92820","-70",5455
2778,"3","42.92820","-70.47988",5452
2778,"2","42.92820","-70",5451
2778,"1","42","-70",5450
2778,"4","42","-70.47988",5453
2777,"1","42","-70",5446
2777,"4","42","-70.47988",5449
2777,"3","42.92820","-70.47988",5448
2777,"2","42.92820","-70",5447
2776,"1","42","-70",5442
2776,"4","42","-70.47988",5445
2776,"3","42.92820","-70.47988",5444
2776,"2","42.92820","-70",5443
2775,"1","42","-70",5438
2775,"4","42","-70.47988",5441
2775,"3","42.92820","-70.47988",5440
2775,"2","42.92820","-70",5439
2774,"1","42","-70",5434
2774,"4","42","-70.47988",5437
2774,"3","42.92820","-70.47988",5436
2774,"2","42.92820","-70",5435
2773,"1","42","-70",5430
2773,"4","42","-70.47988",5433
2773,"3","42.92820","-70.47988",5432
2773,"2","42.92820","-70",5431
2772,"1","42","-70",5426
2772,"4","42","-70.47988",5429
2772,"3","42.92820","-70.47988",5428
2772,"2","42.92820","-70",5427
2771,"1","42","-70",5422
2771,"4","42","-70.47988",5425
2771,"3","42.92820","-70.47988",5424
2771,"2","42.92820","-70",5423
2770,"1","42","-70",5418
2770,"4","42","-70.47988",5421
2770,"3","42.92820","-70.47988",5420
2770,"2","42.92820","-70",5419
2769,"1","42","-70",5414
2769,"4","42","-70.47988",5417
2769,"3","42.92820","-70.47988",5416
2769,"2","42.92820","-70",5415
2768,"1","42","-70",5410
2768,"4","42","-70.47988",5413
2768,"3","42.92820","-70.47988",5412
2768,"2","42.92820","-70",5411
2767,"1","42","-70",5406
2767,"4","42","-70.47988",5409
2767,"3","42.92820","-70.47988",5408
2767,"2","42.92820","-70",5407
2766,"1","42","-70",5402
2766,"4","42","-70.47988",5405
2766,"3","42.92820","-70.47988",5404
2766,"2","42.92820","-70",5403
2765,"1","42","-70",5398
2765,"4","42","-70.47988",5401
2765,"3","42.92820","-70.47988",5400
2765,"2","42.92820","-70",5399
2764,"1","42","-70",5394
2764,"4","42","-70.47988",5397
2764,"3","42.92820","-70.47988",5396
2764,"2","42.92820","-70",5395
2763,"1","42","-70",5390
2763,"4","42","-70.47988",5393
2763,"3","42.92820","-70.47988",5392
2763,"2","42.92820","-70",5391
2762,"1","42","-70",5386
2762,"4","42","-70.47988",5389
2762,"3","42.92820","-70.47988",5388
2762,"2","42.92820","-70",5387
2761,"1","42","-70",5382
2761,"4","42","-70.47988",5385
2761,"3","42.92820","-70.47988",5384
2761,"2","42.92820","-70",5383
2760,"1","42","-70",5378
2760,"4","42","-70.47988",5381
2760,"3","42.92820","-70.47988",5380
2760,"2","42.92820","-70",5379
2759,"3","42.92820","-70.47988",5376
2759,"2","42.92820","-70",5375
2759,"1","42","-70",5374
2759,"4","42","-70.47988",5377
2758,"1","42","-70",5370
2758,"4","42","-70.47988",5373
2758,"3","42.92820","-70.47988",5372
2758,"2","42.92820","-70",5371
2757,"1","42","-70",5366
2757,"4","42","-70.47988",5369
2757,"3","42.92820","-70.47988",5368
2757,"2","42.92820","-70",5367
2756,"1","42","-70",5362
2756,"4","42","-70.47988",5365
2756,"3","42.92820","-70.47988",5364
2756,"2","42.92820","-70",5363
2755,"1","42","-70",5358
2755,"4","42","-70.47988",5361
2755,"3","42.92820","-70.47988",5360
2755,"2","42.92820","-70",5359
2754,"1","42","-70",5354
2754,"4","42","-70.47988",5357
2754,"3","42.92820","-70.47988",5356
2754,"2","42.92820","-70",5355
2753,"1","42","-70",5350
2753,"4","42","-70.47988",5353
2753,"3","42.92820","-70.47988",5352
2753,"2","42.92820","-70",5351
2752,"1","42","-70",5346
2752,"2","42.92820","-70",5347
2752,"3","42.92820","-70.47988",5348
2752,"4","42","-70.47988",5349
2751,"1","42","-70",5342
2751,"4","42","-70.47988",5345
2751,"3","42.92820","-70.47988",5344
2751,"2","42.92820","-70",5343
2750,"1","42","-70",5338
2750,"4","42","-70.47988",5341
2750,"3","42.92820","-70.47988",5340
2750,"2","42.92820","-70",5339
2749,"1","42","-70",5334
2749,"4","42","-70.47988",5337
2749,"3","42.92820","-70.47988",5336
2749,"2","42.92820","-70",5335
2748,"1","","",5330
2748,"4","","",5333
2748,"3","","",5332
2748,"2","","",5331
2747,"1","42","-70",5326
2747,"4","42","-70.47988",5329
2747,"3","42.92820","-70.47988",5328
2747,"2","42.92820","-70",5327
2746,"1","42","-70",5322
2746,"4","42","-70.47988",5325
2746,"3","42.92820","-70.47988",5324
2746,"2","42.92820","-70",5323
2745,"1","42","-70",5318
2745,"4","42","-70.47988",5321
2745,"3","42.92820","-70.47988",5320
2745,"2","42.92820","-70",5319
2744,"1","42","-70",5314
2744,"4","42","-70.47988",5317
2744,"3","42.92820","-70.47988",5316
2744,"2","42.92820","-70",5315
2743,"3","42.92820","-70.47988",5312
2743,"2","42.92820","-70",5311
2743,"1","42","-70",5310
2743,"4","42","-70.47988",5313
2742,"1","42","-70",5306
2742,"4","42","-70.47988",5309
2742,"3","42.92820","-70.47988",5308
2742,"2","42.92820","-70",5307
2741,"1","42","-70",5302
2741,"4","42","-70.47988",5305
2741,"3","42.92820","-70.47988",5304
2741,"2","42.92820","-70",5303
2740,"1","42","-70",5298
2740,"4","42","-70.47988",5301
2740,"3","42.92820","-70.47988",5300
2740,"2","42.92820","-70",5299
2739,"1","42","-70",5294
2739,"4","42","-70.47988",5297
2739,"3","42.92820","-70.47988",5296
2739,"2","42.92820","-70",5295
2738,"1","42","-70",5290
2738,"4","42","-70.47988",5293
2738,"3","42.92820","-70.47988",5292
2738,"2","42.92820","-70",5291
2737,"1","42","-70",5286
2737,"4","42","-70.47988",5289
2737,"3","42.92820","-70.47988",5288
2737,"2","42.92820","-70",5287
2736,"1","42","-70",5282
2736,"4","42","-70.47988",5285
2736,"3","42.92820","-70.47988",5284
2736,"2","42.92820","-70",5283
2735,"1","42","-70",5278
2735,"4","42","-70.47988",5281
2735,"3","42.92820","-70.47988",5280
2735,"2","42.92820","-70",5279
2734,"1","42","-70",5274
2734,"4","42","-70.47988",5277
2734,"3","42.92820","-70.47988",5276
2734,"2","42.92820","-70",5275
2733,"1","42","-70",5270
2733,"4","42","-70.47988",5273
2733,"3","42.92820","-70.47988",5272
2733,"2","42.92820","-70",5271
2732,"1","42","-70",5266
2732,"4","42","-70.47988",5269
2732,"3","42.92820","-70.47988",5268
2732,"2","42.92820","-70",5267
2731,"1","42","-70",5262
2731,"4","42","-70.47988",5265
2731,"3","42.92820","-70.47988",5264
2731,"2","42.92820","-70",5263
2730,"1","42","-70",5258
2730,"4","42","-70.47988",5261
2730,"3","42.92820","-70.47988",5260
2730,"2","42.92820","-70",5259
2729,"1","42","-70",5254
2729,"4","42","-70.47988",5257
2729,"3","42.92820","-70.47988",5256
2729,"2","42.92820","-70",5255
2728,"1","42","-70",5250
2728,"4","42","-70.47988",5253
2728,"3","42.92820","-70.47988",5252
2728,"2","42.92820","-70",5251
2727,"3","42.92820","-70.47988",5248
2727,"2","42.92820","-70",5247
2727,"1","42","-70",5246
2727,"4","42","-70.47988",5249
2726,"1","42","-70",5242
2726,"4","42","-70.47988",5245
2726,"3","42.92820","-70.47988",5244
2726,"2","42.92820","-70",5243
2725,"1","42","-70",5238
2725,"4","42","-70.47988",5241
2725,"3","42.92820","-70.47988",5240
2725,"2","42.92820","-70",5239
2724,"1","42","-70",5234
2724,"4","42","-70.47988",5237
2724,"3","42.92820","-70.47988",5236
2724,"2","42.92820","-70",5235
2723,"1","42","-70",5230
2723,"4","42","-70.47988",5233
2723,"3","42.92820","-70.47988",5232
2723,"2","42.92820","-70",5231
2722,"1","42","-70",5226
2722,"4","42","-70.47988",5229
2722,"3","42.92820","-70.47988",5228
2722,"2","42.92820","-70",5227
2721,"1","42","-70",5222
2721,"4","42","-70.47988",5225
2721,"3","42.92820","-70.47988",5224
2721,"2","42.92820","-70",5223
2720,"1","42","-70",5218
2720,"4","42","-70.47988",5221
2720,"3","42.92820","-70.47988",5220
2720,"2","42.92820","-70",5219
2719,"1","42","-70",5214
2719,"4","42","-70.47988",5217
2719,"3","42.92820","-70.47988",5216
2719,"2","42.92820","-70",5215
2718,"1","42","-70",5210
2718,"4","42","-70.47988",5213
2718,"3","42.92820","-70.47988",5212
2718,"2","42.92820","-70",5211
2716,"1","42","-70",5206
2716,"4","42","-70.47988",5209
2716,"3","42.92820","-70.47988",5208
2716,"2","42.92820","-70",5207
2715,"1","42","-70",5202
2715,"4","42","-70.47988",5205
2715,"3","42.92820","-70.47988",5204
2715,"2","42.92820","-70",5203
2714,"1","42","-70",5198
2714,"4","42","-70.47988",5201
2714,"3","42.92820","-70.47988",5200
2714,"2","42.92820","-70",5199
2713,"1","42","-70",5194
2713,"4","42","-70.47988",5197
2713,"3","42.92820","-70.47988",5196
2713,"2","42.92820","-70",5195
2712,"1","42","-70",5190
2712,"4","42","-70.47988",5193
2712,"3","42.92820","-70.47988",5192
2712,"2","42.92820","-70",5191
2711,"1","42","-70",5186
2711,"4","42","-70.47988",5189
2711,"3","42.92820","-70.47988",5188
2711,"2","42.92820","-70",5187
2710,"3","42.92820","-70.47988",5184
2710,"2","42.92820","-70",5183
2710,"1","42","-70",5182
2710,"4","42","-70.47988",5185
2709,"1","42","-70",5178
2709,"4","42","-70.47988",5181
2709,"3","42.92820","-70.47988",5180
2709,"2","42.92820","-70",5179
2708,"1","42","-70",5174
2708,"4","42","-70.47988",5177
2708,"3","42.92820","-70.47988",5176
2708,"2","42.92820","-70",5175
2707,"1","42","-70",5170
2707,"4","42","-70.47988",5173
2707,"3","42.92820","-70.47988",5172
2707,"2","42.92820","-70",5171
2706,"1","42","-70",5166
2706,"4","42","-70.47988",5169
2706,"3","42.92820","-70.47988",5168
2706,"2","42.92820","-70",5167
2705,"1","42","-70",5162
2705,"4","42","-70.47988",5165
2705,"3","42.92820","-70.47988",5164
2705,"2","42.92820","-70",5163
2704,"1","42","-70",5158
2704,"4","42","-70.47988",5161
2704,"3","42.92820","-70.47988",5160
2704,"2","42.92820","-70",5159
2703,"1","42","-70",5154
2703,"4","42","-70.47988",5157
2703,"3","42.92820","-70.47988",5156
2703,"2","42.92820","-70",5155
2702,"1","42","-70",5150
2702,"4","42","-70.47988",5153
2702,"3","42.92820","-70.47988",5152
2702,"2","42.92820","-70",5151
2701,"1","42","-70",5146
2701,"4","42","-70.47988",5149
2701,"3","42.92820","-70.47988",5148
2701,"2","42.92820","-70",5147
2700,"1","42","-70",5142
2700,"4","42","-70.47988",5145
2700,"3","42.92820","-70.47988",5144
2700,"2","42.92820","-70",5143
2699,"1","42","-70",5138
2699,"4","42","-70.47988",5141
2699,"3","42.92820","-70.47988",5140
2699,"2","42.92820","-70",5139
2698,"1","42","-70",5134
2698,"4","42","-70.47988",5137
2698,"3","42.92820","-70.47988",5136
2698,"2","42.92820","-70",5135
2697,"1","42","-70",5130
2697,"4","42","-70.47988",5133
2697,"3","42.92820","-70.47988",5132
2697,"2","42.92820","-70",5131
2696,"1","42","-70",5126
2696,"4","42","-70.47988",5129
2696,"3","42.92820","-70.47988",5128
2696,"2","42.92820","-70",5127
2695,"1","42","-70",5122
2695,"4","42","-70.47988",5125
2695,"3","42.92820","-70.47988",5124
2695,"2","42.92820","-70",5123
2694,"1","42","-70",5118
2694,"4","42","-70.47988",5121
2694,"3","42.92820","-70.47988",5120
2694,"2","42.92820","-70",5119
2693,"1","42","-70",5114
2693,"4","42","-70.47988",5117
2693,"3","42.92820","-70.47988",5116
2693,"2","42.92820","-70",5115
2692,"1","42","-70",5110
2692,"4","42","-70.47988",5113
2692,"3","42.92820","-70.47988",5112
2692,"2","42.92820","-70",5111
2691,"1","42","-70",5106
2691,"4","42","-70.47988",5109
2691,"3","42.92820","-70.47988",5108
2691,"2","42.92820","-70",5107
2690,"1","42","-70",5102
2690,"4","42","-70.47988",5105
2690,"3","42.92820","-70.47988",5104
2690,"2","42.92820","-70",5103
2689,"1","42","-70",5098
2689,"4","42","-70.47988",5101
2689,"3","42.92820","-70.47988",5100
2689,"2","42.92820","-70",5099
2688,"1","42","-70",5094
2688,"4","42","-70.47988",5097
2688,"3","42.92820","-70.47988",5096
2688,"2","42.92820","-70",5095
2687,"1","42","-70",5090
2687,"4","42","-70.47988",5093
2687,"3","42.92820","-70.47988",5092
2687,"2","42.92820","-70",5091
2686,"4","42","-70.47988",5089
2686,"3","42.92820","-70.47988",5088
2686,"2","42.92820","-70",5087
2686,"1","42","-70",5086
2685,"1","42","-70",5082
2685,"4","42","-70.47988",5085
2685,"3","42.92820","-70.47988",5084
2685,"2","42.92820","-70",5083
2684,"1","42","-70",5078
2684,"4","42","-70.47988",5081
2684,"3","42.92820","-70.47988",5080
2684,"2","42.92820","-70",5079
2683,"1","42","-70",5074
2683,"4","42","-70.47988",5077
2683,"3","42.92820","-70.47988",5076
2683,"2","42.92820","-70",5075
2682,"1","42","-70",5070
2682,"4","42","-70.47988",5073
2682,"3","42.92820","-70.47988",5072
2682,"2","42.92820","-70",5071
2681,"1","42","-70",5066
2681,"4","42","-70.47988",5069
2681,"3","42.92820","-70.47988",5068
2681,"2","42.92820","-70",5067
2680,"1","42","-70",5062
2680,"4","42","-70.47988",5065
2680,"3","42.92820","-70.47988",5064
2680,"2","42.92820","-70",5063
2679,"1","42","-70",5058
2679,"4","42","-70.47988",5061
2679,"3","42.92820","-70.47988",5060
2679,"2","42.92820","-70",5059
2678,"1","42","-70",5054
2678,"4","42","-70.47988",5057
2678,"3","42.92820","-70.47988",5056
2678,"2","42.92820","-70",5055
2677,"1","42","-70",5050
2677,"4","42","-70.47988",5053
2677,"3","42.92820","-70.47988",5052
2677,"2","42.92820","-70",5051
2676,"1","42","-70",5046
2676,"4","42","-70.47988",5049
2676,"3","42.92820","-70.47988",5048
2676,"2","42.92820","-70",5047
2675,"1","42","-70",5042
2675,"4","42","-70.47988",5045
2675,"3","42.92820","-70.47988",5044
2675,"2","42.92820","-70",5043
2674,"1","42","-70",5038
2674,"4","42","-70.47988",5041
2674,"3","42.92820","-70.47988",5040
2674,"2","42.92820","-70",5039
2673,"1","42","-70",5034
2673,"4","42","-70.47988",5037
2673,"3","42.92820","-70.47988",5036
2673,"2","42.92820","-70",5035
2672,"1","42","-70",5030
2672,"4","42","-70.47988",5033
2672,"3","42.92820","-70.47988",5032
2672,"2","42.92820","-70",5031
2671,"1","42","-70",5026
2671,"4","42","-70.47988",5029
2671,"3","42.92820","-70.47988",5028
2671,"2","42.92820","-70",5027
2670,"4","42","-70.47988",5025
2670,"3","42.92820","-70.47988",5024
2670,"2","42.92820","-70",5023
2670,"1","42","-70",5022
2669,"1","42","-70",5018
2669,"4","42","-70.47988",5021
2669,"3","42.92820","-70.47988",5020
2669,"2","42.92820","-70",5019
2668,"1","42","-70",5014
2668,"4","42","-70.47988",5017
2668,"3","42.92820","-70.47988",5016
2668,"2","42.92820","-70",5015
2667,"1","42","-70",5010
2667,"4","42","-70.47988",5013
2667,"3","42.92820","-70.47988",5012
2667,"2","42.92820","-70",5011
2666,"1","42","-70",5006
2666,"4","42","-70.47988",5009
2666,"3","42.92820","-70.47988",5008
2666,"2","42.92820","-70",5007
2665,"1","42","-70",5002
2665,"4","42","-70.47988",5005
2665,"3","42.92820","-70.47988",5004
2665,"2","42.92820","-70",5003
2664,"1","42","-70",4998
2664,"4","42","-70.47988",5001
2664,"3","42.92820","-70.47988",5000
2664,"2","42.92820","-70",4999
2663,"1","42","-70",4994
2663,"4","42","-70.47988",4997
2663,"3","42.92820","-70.47988",4996
2663,"2","42.92820","-70",4995
2662,"1","42","-70",4990
2662,"4","42","-70.47988",4993
2662,"3","42.92820","-70.47988",4992
2662,"2","42.92820","-70",4991
2661,"1","42","-70",4986
2661,"4","42","-70.47988",4989
2661,"3","42.92820","-70.47988",4988
2661,"2","42.92820","-70",4987
2660,"1","42","-70",4982
2660,"4","42","-70.47988",4985
2660,"3","42.92820","-70.47988",4984
2660,"2","42.92820","-70",4983
2659,"1","42","-70",4978
2659,"4","42","-70.47988",4981
2659,"3","42.92820","-70.47988",4980
2659,"2","42.92820","-70",4979
2658,"1","42","-70",4974
2658,"4","42","-70.47988",4977
2658,"3","42.92820","-70.47988",4976
2658,"2","42.92820","-70",4975
2657,"1","42","-70",4970
2657,"4","42","-70.47988",4973
2657,"3","42.92820","-70.47988",4972
2657,"2","42.92820","-70",4971
2656,"1","42","-70",4966
2656,"4","42","-70.47988",4969
2656,"3","42.92820","-70.47988",4968
2656,"2","42.92820","-70",4967
2655,"1","42","-70",4962
2655,"4","42","-70.47988",4965
2655,"3","42.92820","-70.47988",4964
2655,"2","42.92820","-70",4963
2654,"4","42","-70.47988",4961
2654,"1","42","-70",4958
2654,"2","42.92820","-70",4959
2654,"3","42.92820","-70.47988",4960
2653,"1","42","-70",4954
2653,"4","42","-70.47988",4957
2653,"3","42.92820","-70.47988",4956
2653,"2","42.92820","-70",4955
2652,"1","42","-70",4950
2652,"4","42","-70.47988",4953
2652,"3","42.92820","-70.47988",4952
2652,"2","42.92820","-70",4951
2651,"1","42","-70",4946
2651,"4","42","-70.47988",4949
2651,"3","42.92820","-70.47988",4948
2651,"2","42.92820","-70",4947
2650,"1","42","-70",4942
2650,"4","42","-70.47988",4945
2650,"3","42.92820","-70.47988",4944
2650,"2","42.92820","-70",4943
2649,"1","42","-70",4938
2649,"4","42","-70.47988",4941
2649,"3","42.92820","-70.47988",4940
2649,"2","42.92820","-70",4939
2648,"1","42","-70",4934
2648,"4","42","-70.47988",4937
2648,"3","42.92820","-70.47988",4936
2648,"2","42.92820","-70",4935
2647,"1","42","-70",4930
2647,"4","42","-70.47988",4933
2647,"3","42.92820","-70.47988",4932
2647,"2","42.92820","-70",4931
2646,"1","42","-70",4926
2646,"4","42","-70.47988",4929
2646,"3","42.92820","-70.47988",4928
2646,"2","42.92820","-70",4927
2645,"1","42","-70",4922
2645,"4","42","-70.47988",4925
2645,"3","42.92820","-70.47988",4924
2645,"2","42.92820","-70",4923
2644,"1","42","-70",4918
2644,"4","42","-70.47988",4921
2644,"3","42.92820","-70.47988",4920
2644,"2","42.92820","-70",4919
2643,"1","42","-70",4914
2643,"4","42","-70.47988",4917
2643,"3","42.92820","-70.47988",4916
2643,"2","42.92820","-70",4915
2642,"1","42","-70",4910
2642,"4","42","-70.47988",4913
2642,"3","42.92820","-70.47988",4912
2642,"2","42.92820","-70",4911
2641,"1","42","-70",4906
2641,"4","42","-70.47988",4909
2641,"3","42.92820","-70.47988",4908
2641,"2","42.92820","-70",4907
2640,"1","42","-70",4902
2640,"4","42","-70.47988",4905
2640,"3","42.92820","-70.47988",4904
2640,"2","42.92820","-70",4903
2639,"1","42","-70",4898
2639,"4","42","-70.47988",4901
2639,"3","42.92820","-70.47988",4900
2639,"2","42.92820","-70",4899
2638,"4","42","-70.47988",4897
2638,"3","42.92820","-70.47988",4896
2638,"2","42.92820","-70",4895
2638,"1","42","-70",4894
2637,"1","42","-70",4890
2637,"4","42","-70.47988",4893
2637,"3","42.92820","-70.47988",4892
2637,"2","42.92820","-70",4891
2636,"1","42","-70",4886
2636,"4","42","-70.47988",4889
2636,"3","42.92820","-70.47988",4888
2636,"2","42.92820","-70",4887
2635,"1","42","-70",4882
2635,"4","42","-70.47988",4885
2635,"3","42.92820","-70.47988",4884
2635,"2","42.92820","-70",4883
2634,"1","42","-70",4878
2634,"4","42","-70.47988",4881
2634,"3","42.92820","-70.47988",4880
2634,"2","42.92820","-70",4879
2633,"1","42","-70",4874
2633,"4","42","-70.47988",4877
2633,"3","42.92820","-70.47988",4876
2633,"2","42.92820","-70",4875
2632,"1","42","-70",4870
2632,"4","42","-70.47988",4873
2632,"3","42.92820","-70.47988",4872
2632,"2","42.92820","-70",4871
2631,"1","42","-70",4866
2631,"4","42","-70.47988",4869
2631,"3","42.92820","-70.47988",4868
2631,"2","42.92820","-70",4867
2630,"1","42","-70",4862
2630,"4","42","-70.47988",4865
2630,"3","42.92820","-70.47988",4864
2630,"2","42.92820","-70",4863
2627,"1","","",4858
2627,"4","","",4861
2627,"3","","",4860
2627,"2","","",4859
2604,"1","42","-70",4854
2604,"4","42","-70.47988",4857
2604,"3","42.92820","-70.47988",4856
2604,"2","42.92820","-70",4855
2595,"1","42","-70",4850
2595,"4","42","-70.47988",4853
2595,"3","42.92820","-70.47988",4852
2595,"2","42.92820","-70",4851
2594,"1","42","-70",4846
2594,"4","42","-70.47988",4849
2594,"3","42.92820","-70.47988",4848
2594,"2","42.92820","-70",4847
2593,"1","42","-70",4842
2593,"4","42","-70.47988",4845
2593,"3","42.92820","-70.47988",4844
2593,"2","42.92820","-70",4843
2592,"1","42","-70",4838
2592,"4","42","-70.47988",4841
2592,"3","42.92820","-70.47988",4840
2592,"2","42.92820","-70",4839
2591,"1","42","-70",4834
2591,"4","42","-70.47988",4837
2591,"3","42.92820","-70.47988",4836
2591,"2","42.92820","-70",4835
2590,"1","42","-70",4830
2590,"4","42","-70.47988",4833
2590,"3","42.92820","-70.47988",4832
2590,"2","42.92820","-70",4831
2581,"1","42","-70",4826
2581,"4","42","-70.47988",4829
2581,"3","42.92820","-70.47988",4828
2581,"2","42.92820","-70",4827
2575,"1","42","-70",4822
2575,"4","42","-70.47988",4825
2575,"3","42.92820","-70.47988",4824
2575,"2","42.92820","-70",4823
2574,"1","42","-70",4818
2574,"4","42","-70.47988",4821
2574,"3","42.92820","-70.47988",4820
2574,"2","42.92820","-70",4819
2573,"1","42","-70",4814
2573,"4","42","-70.47988",4817
2573,"3","42.92820","-70.47988",4816
2573,"2","42.92820","-70",4815
2571,"1","42","-70",4810
2571,"4","42","-70.47988",4813
2571,"3","42.92820","-70.47988",4812
2571,"2","42.92820","-70",4811
2569,"1","42","-70",4806
2569,"4","42","-70.47988",4809
2569,"3","42.92820","-70.47988",4808
2569,"2","42.92820","-70",4807
2568,"1","42","-70",4802
2568,"4","42","-70.47988",4805
2568,"3","42.92820","-70.47988",4804
2568,"2","42.92820","-70",4803
2567,"1","42","-70",4798
2567,"4","42","-70.47988",4801
2567,"3","42.92820","-70.47988",4800
2567,"2","42.92820","-70",4799
2566,"1","42","-70",4794
2566,"4","42","-70.47988",4797
2566,"3","42.92820","-70.47988",4796
2566,"2","42.92820","-70",4795
2565,"1","42","-70",4790
2565,"4","42","-70.47988",4793
2565,"3","42.92820","-70.47988",4792
2565,"2","42.92820","-70",4791
2564,"1","42","-70",4786
2564,"4","42","-70.47988",4789
2564,"3","42.92820","-70.47988",4788
2564,"2","42.92820","-70",4787
2563,"1","42","-70",4782
2563,"4","42","-70.47988",4785
2563,"3","42.92820","-70.47988",4784
2563,"2","42.92820","-70",4783
2562,"1","42","-70",4778
2562,"2","42.92820","-70",4779
2562,"3","42.92820","-70.47988",4780
2562,"4","42","-70.47988",4781
2561,"1","42","-70",4774
2561,"4","42","-70.47988",4777
2561,"3","42.92820","-70.47988",4776
2561,"2","42.92820","-70",4775
2560,"1","42","-70",4770
2560,"4","42","-70.47988",4773
2560,"3","42.92820","-70.47988",4772
2560,"2","42.92820","-70",4771
2559,"1","42","-70",4766
2559,"4","42","-70.47988",4769
2559,"3","42.92820","-70.47988",4768
2559,"2","42.92820","-70",4767
2558,"1","42","-70",4762
2558,"4","42","-70.47988",4765
2558,"3","42.92820","-70.47988",4764
2558,"2","42.92820","-70",4763
2557,"1","42","-70",4758
2557,"4","42","-70.47988",4761
2557,"3","42.92820","-70.47988",4760
2557,"2","42.92820","-70",4759
2556,"1","42","-70",4754
2556,"4","42","-70.47988",4757
2556,"3","42.92820","-70.47988",4756
2556,"2","42.92820","-70",4755
2555,"1","42","-70",4750
2555,"4","42","-70.47988",4753
2555,"3","42.92820","-70.47988",4752
2555,"2","42.92820","-70",4751
2554,"1","42","-70",4746
2554,"4","42","-70.47988",4749
2554,"3","42.92820","-70.47988",4748
2554,"2","42.92820","-70",4747
2553,"1","42","-70",4742
2553,"4","42","-70.47988",4745
2553,"3","42.92820","-70.47988",4744
2553,"2","42.92820","-70",4743
2552,"1","42","-70",4738
2552,"4","42","-70.47988",4741
2552,"3","42.92820","-70.47988",4740
2552,"2","42.92820","-70",4739
2551,"1","42","-70",4734
2551,"4","42","-70.47988",4737
2551,"3","42.92820","-70.47988",4736
2551,"2","42.92820","-70",4735
2550,"1","42","-70",4730
2550,"4","42","-70.47988",4733
2550,"3","42.92820","-70.47988",4732
2550,"2","42.92820","-70",4731
2549,"1","42","-70",4726
2549,"4","42","-70.47988",4729
2549,"3","42.92820","-70.47988",4728
2549,"2","42.92820","-70",4727
2548,"1","42","-70",4722
2548,"4","42","-70.47988",4725
2548,"3","42.92820","-70.47988",4724
2548,"2","42.92820","-70",4723
2547,"1","42","-70",4718
2547,"4","42","-70.47988",4721
2547,"3","42.92820","-70.47988",4720
2547,"2","42.92820","-70",4719
2546,"1","42","-70",4714
2546,"4","42","-70.47988",4717
2546,"3","42.92820","-70.47988",4716
2546,"2","42.92820","-70",4715
2545,"1","42","-70",4710
2545,"4","42","-70.47988",4713
2545,"3","42.92820","-70.47988",4712
2545,"2","42.92820","-70",4711
2544,"1","42","-70",4706
2544,"4","42","-70.47988",4709
2544,"3","42.92820","-70.47988",4708
2544,"2","42.92820","-70",4707
2543,"1","42","-70",4702
2543,"4","42","-70.47988",4705
2543,"3","42.92820","-70.47988",4704
2543,"2","42.92820","-70",4703
2542,"1","42","-70",4698
2542,"2","42.92820","-70",4699
2542,"3","42.92820","-70.47988",4700
2542,"4","42","-70.47988",4701
2541,"3","42.92820","-70.47988",4696
2541,"4","42","-70.47988",4697
2541,"2","42.92820","-70",4695
2541,"1","42","-70",4694
2540,"4","42","-70.47988",4693
2540,"3","42.92820","-70.47988",4692
2540,"2","42.92820","-70",4691
2540,"1","42","-70",4690
2539,"1","42","-70",4686
2539,"2","42.92820","-70",4687
2539,"3","42.92820","-70.47988",4688
2539,"4","42","-70.47988",4689
2538,"2","42.92820","-70",4683
2538,"3","42.92820","-70.47988",4684
2538,"4","42","-70.47988",4685
2538,"1","42","-70",4682
2537,"1","42","-70",4678
2537,"4","42","-70.47988",4681
2537,"3","42.92820","-70.47988",4680
2537,"2","42.92820","-70",4679
2536,"1","42","-70",4674
2536,"2","42.92820","-70",4675
2536,"3","42.92820","-70.47988",4676
2536,"4","42","-70.47988",4677
2535,"4","42","-70.47988",4673
2535,"2","42.92820","-70",4671
2535,"1","42","-70",4670
2535,"3","42.92820","-70.47988",4672
2534,"1","42","-70",4666
2534,"4","42","-70.47988",4669
2534,"2","42.92820","-70",4667
2534,"3","42.92820","-70.47988",4668
2533,"1","42","-70",4662
2533,"2","42.92820","-70",4663
2533,"3","42.92820","-70.47988",4664
2533,"4","42","-70.47988",4665
2532,"4","42","-70.47988",4661
2532,"3","42.92820","-70.47988",4660
2532,"2","42.92820","-70",4659
2532,"1","42","-70",4658
2531,"1","42","-70",4654
2531,"2","42.92820","-70",4655
2531,"3","42.92820","-70.47988",4656
2531,"4","42","-70.47988",4657
2530,"3","42.92820","-70.47988",4652
2530,"2","42.92820","-70",4651
2530,"1","42","-70",4650
2530,"4","42","-70.47988",4653
2529,"1","42","-70",4646
2529,"2","42.92820","-70",4647
2529,"3","42.92820","-70.47988",4648
2529,"4","42","-70.47988",4649
2528,"1","42","-70",4642
2528,"4","42","-70.47988",4645
2528,"3","42.92820","-70.47988",4644
2528,"2","42.92820","-70",4643
2527,"1","42","-70",4638
2527,"4","42","-70.47988",4641
2527,"3","42.92820","-70.47988",4640
2527,"2","42.92820","-70",4639
2526,"1","42","-70",4634
2526,"4","42","-70.47988",4637
2526,"3","42.92820","-70.47988",4636
2526,"2","42.92820","-70",4635
2525,"1","42","-70",4630
2525,"4","42","-70.47988",4633
2525,"3","42.92820","-70.47988",4632
2525,"2","42.92820","-70",4631
2524,"1","42","-70",4626
2524,"4","42","-70.47988",4629
2524,"3","42.92820","-70.47988",4628
2524,"2","42.92820","-70",4627
2523,"1","42","-70",4622
2523,"4","42","-70.47988",4625
2523,"3","42.92820","-70.47988",4624
2523,"2","42.92820","-70",4623
2522,"1","42","-70",4618
2522,"4","42","-70.47988",4621
2522,"3","42.92820","-70.47988",4620
2522,"2","42.92820","-70",4619
2521,"1","42","-70",4614
2521,"4","42","-70.47988",4617
2521,"3","42.92820","-70.47988",4616
2521,"2","42.92820","-70",4615
2520,"1","42","-70",4610
2520,"4","42","-70.47988",4613
2520,"3","42.92820","-70.47988",4612
2520,"2","42.92820","-70",4611
2519,"1","42","-70",4606
2519,"4","42","-70.47988",4609
2519,"3","42.92820","-70.47988",4608
2519,"2","42.92820","-70",4607
2518,"1","42","-70",4602
2518,"4","42","-70.47988",4605
2518,"3","42.92820","-70.47988",4604
2518,"2","42.92820","-70",4603
2517,"1","42","-70",4598
2517,"4","42","-70.47988",4601
2517,"3","42.92820","-70.47988",4600
2517,"2","42.92820","-70",4599
2516,"1","42","-70",4594
2516,"4","42","-70.47988",4597
2516,"3","42.92820","-70.47988",4596
2516,"2","42.92820","-70",4595
2515,"1","42","-70",4590
2515,"4","42","-70.47988",4593
2515,"3","42.92820","-70.47988",4592
2515,"2","42.92820","-70",4591
2514,"1","42","-70",4586
2514,"4","42","-70.47988",4589
2514,"3","42.92820","-70.47988",4588
2514,"2","42.92820","-70",4587
2513,"1","42","-70",4582
2513,"4","42","-70.47988",4585
2513,"3","42.92820","-70.47988",4584
2513,"2","42.92820","-70",4583
2512,"1","42","-70",4578
2512,"4","42","-70.47988",4581
2512,"3","42.92820","-70.47988",4580
2512,"2","42.92820","-70",4579
2511,"4","42","-70.47988",4577
2511,"3","42.92820","-70.47988",4576
2511,"2","42.92820","-70",4575
2511,"1","42","-70",4574
2510,"1","42","-70",4570
2510,"4","42","-70.47988",4573
2510,"3","42.92820","-70.47988",4572
2510,"2","42.92820","-70",4571
2509,"1","42","-70",4566
2509,"4","42","-70.47988",4569
2509,"3","42.92820","-70.47988",4568
2509,"2","42.92820","-70",4567
2508,"4","42","-70.47988",4565
2508,"3","42.92820","-70.47988",4564
2508,"2","42.92820","-70",4563
2508,"1","42","-70",4562
2507,"1","42","-70",4558
2507,"4","42","-70.47988",4561
2507,"3","42.92820","-70.47988",4560
2507,"2","42.92820","-70",4559
2506,"1","42","-70",4554
2506,"4","42","-70.47988",4557
2506,"3","42.92820","-70.47988",4556
2506,"2","42.92820","-70",4555
2505,"1","42","-70",4550
2505,"4","42","-70.47988",4553
2505,"3","42.92820","-70.47988",4552
2505,"2","42.92820","-70",4551
2504,"1","42","-70",4546
2504,"4","42","-70.47988",4549
2504,"3","42.92820","-70.47988",4548
2504,"2","42.92820","-70",4547
2503,"1","42","-70",4542
2503,"4","42","-70.47988",4545
2503,"3","42.92820","-70.47988",4544
2503,"2","42.92820","-70",4543
2502,"1","42","-70",4538
2502,"4","42","-70.47988",4541
2502,"3","42.92820","-70.47988",4540
2502,"2","42.92820","-70",4539
2501,"1","42","-70",4534
2501,"4","42","-70.47988",4537
2501,"3","42.92820","-70.47988",4536
2501,"2","42.92820","-70",4535
2499,"1","42","-70",4530
2499,"4","42","-70.47988",4533
2499,"3","42.92820","-70.47988",4532
2499,"2","42.92820","-70",4531
2498,"1","42","-70",4526
2498,"4","42","-70.47988",4529
2498,"3","42.92820","-70.47988",4528
2498,"2","42.92820","-70",4527
2497,"1","42","-70",4522
2497,"4","42","-70.47988",4525
2497,"3","42.92820","-70.47988",4524
2497,"2","42.92820","-70",4523
2496,"1","42","-70",4518
2496,"4","42","-70.47988",4521
2496,"3","42.92820","-70.47988",4520
2496,"2","42.92820","-70",4519
2495,"1","42","-70",4514
2495,"4","42","-70.47988",4517
2495,"3","42.92820","-70.47988",4516
2495,"2","42.92820","-70",4515
2494,"1","42","-70",4510
2494,"4","42","-70.47988",4513
2494,"3","42.92820","-70.47988",4512
2494,"2","42.92820","-70",4511
2493,"1","42","-70",4506
2493,"4","42","-70.47988",4509
2493,"3","42.92820","-70.47988",4508
2493,"2","42.92820","-70",4507
2492,"1","42","-70",4502
2492,"4","42","-70.47988",4505
2492,"3","42.92820","-70.47988",4504
2492,"2","42.92820","-70",4503
2491,"4","42","-70.47988",4501
2491,"3","42.92820","-70.47988",4500
2491,"2","42.92820","-70",4499
2491,"1","42","-70",4498
2490,"1","42","-70",4494
2490,"4","42","-70.47988",4497
2490,"3","42.92820","-70.47988",4496
2490,"2","42.92820","-70",4495
2489,"1","42","-70",4490
2489,"4","42","-70.47988",4493
2489,"3","42.92820","-70.47988",4492
2489,"2","42.92820","-70",4491
2486,"1","","",4486
2486,"4","","",4489
2486,"3","","",4488
2486,"2","","",4487
2463,"1","42","-70viprobeuu0000FB",4482
2463,"4","42","-70.47988",4485
2463,"3","42.92820","-70.47988",4484
2463,"2","42.92820","-70viprobeuu0000FB",4483
2454,"1","42","(select -70,",4478
2454,"4","42","-70.47988",4481
2454,"3","42.92820","-70.47988",4480
2454,"2","42.92820","(select -70,",4479
2453,"1","42","(select -70,-70)",4474
2453,"4","42","-70.47988",4477
2453,"3","42.92820","-70.47988",4476
2453,"2","42.92820","(select -70,-70)",4475
2452,"1","42","(select -70)",4470
2452,"4","42","-70.47988",4473
2452,"3","42.92820","-70.47988",4472
2452,"2","42.92820","(select -70)",4471
2451,"1","42","-70 or",4466
2451,"4","42","-70.47988",4469
2451,"3","42.92820","-70.47988",4468
2451,"2","42.92820","-70 or",4467
2450,"1","42","-70 and abc=7659",4462
2450,"4","42","-70.47988",4465
2450,"3","42.92820","-70.47988",4464
2450,"2","42.92820","-70 and abc=7659",4463
2449,"1","42","-70 and 7659=7659",4458
2449,"4","42","-70.47988",4461
2449,"3","42.92820","-70.47988",4460
2449,"2","42.92820","-70 and 7659=7659",4459
2440,"1","42","id|",4454
2440,"4","42","-70.47988",4457
2440,"3","42.92820","-70.47988",4456
2440,"2","42.92820","id|",4455
2434,"4","42","-70.47988",4453
2434,"3","42.92820","-70.47988",4452
2434,"2","42.92820","AVAK$(RETURN_CODE)OS",4451
2434,"1","42","AVAK$(RETURN_CODE)OS",4450
2433,"1","42","",4446
2433,"4","42","-70.47988",4449
2433,"3","42.92820","-70.47988",4448
2433,"2","42.92820","",4447
2432,"1","42","-70",4442
2432,"4","42","-70.47988",4445
2432,"3","42.92820","-70.47988",4444
2432,"2","42.92820","-70",4443
2430,"1","42","-70/**/and/**/0=7659",4438
2430,"4","42","-70.47988",4441
2430,"3","42.92820","-70.47988",4440
2430,"2","42.92820","-70/**/and/**/0=7659",4439
2428,"1","42","-70 or 7659=7659",4434
2428,"4","42","-70.47988",4437
2428,"3","42.92820","-70.47988",4436
2428,"2","42.92820","-70 or 7659=7659",4435
2427,"1","42","-70 and 0=7659",4430
2427,"4","42","-70.47988",4433
2427,"3","42.92820","-70.47988",4432
2427,"2","42.92820","-70 and 0=7659",4431
2426,"1","42","-70 and 7659=7659",4426
2426,"4","42","-70.47988",4429
2426,"3","42.92820","-70.47988",4428
2426,"2","42.92820","-70 and 7659=7659",4427
2423,"1","42","12345-1234--70",4422
2423,"4","42","-70.47988",4425
2423,"3","42.92820","-70.47988",4424
2423,"2","42.92820","12345-1234--70",4423
2422,"3","42.92820","-70.47988",4420
2422,"2","42.92820","12345+12345+-70",4419
2422,"1","42","12345+12345+-70",4418
2422,"4","42","-70.47988",4421
2421,"1","42","0+0+0+-70",4414
2421,"4","42","-70.47988",4417
2421,"3","42.92820","-70.47988",4416
2421,"2","42.92820","0+0+0+-70",4415
2420,"1","42",";vol|",4410
2420,"4","42","-70.47988",4413
2420,"3","42.92820","-70.47988",4412
2420,"2","42.92820",";vol|",4411
2419,"1","42",";vol ",4406
2419,"4","42","-70.47988",4409
2419,"3","42.92820","-70.47988",4408
2419,"2","42.92820",";vol ",4407
2418,"1","42",""" | ""vol",4402
2418,"4","42","-70.47988",4405
2418,"3","42.92820","-70.47988",4404
2418,"2","42.92820",""" | ""vol",4403
2417,"1","42","||vol",4398
2417,"4","42","-70.47988",4401
2417,"3","42.92820","-70.47988",4400
2417,"2","42.92820","||vol",4399
2416,"1","42","&&vol",4394
2416,"4","42","-70.47988",4397
2416,"3","42.92820","-70.47988",4396
2416,"2","42.92820","&&vol",4395
2415,"1","42","|vol",4390
2415,"4","42","-70.47988",4393
2415,"3","42.92820","-70.47988",4392
2415,"2","42.92820","|vol",4391
2414,"1","42","ls",4386
2414,"4","42","-70.47988",4389
2414,"3","42.92820","-70.47988",4388
2414,"2","42.92820","ls",4387
2413,"1","42"," ",4382
2413,"2","42.92820"," ",4383
2413,"3","42.92820","-70.47988",4384
2413,"4","42","-70.47988",4385
2412,"4","42","-70.47988",4381
2412,"2","42.92820",")",4379
2412,"1","42",")",4378
2412,"3","42.92820","-70.47988",4380
2411,"1","42","\""",4374
2411,"4","42","-70.47988",4377
2411,"3","42.92820","-70.47988",4376
2411,"2","42.92820","\""",4375
2410,"2","42.92820","""",4371
2410,"1","42","""",4370
2410,"3","42.92820","-70.47988",4372
2410,"4","42","-70.47988",4373
2409,"4","42","-70.47988",4369
2409,"3","42.92820","-70.47988",4368
2409,"2","42.92820",";",4367
2409,"1","42",";",4366
2408,"3","42.92820","-70.47988",4364
2408,"2","42.92820","",4363
2408,"1","42","",4362
2408,"4","42","-70.47988",4365
2407,"3","42.92820","-70.47988",4360
2407,"4","42","-70.47988",4361
2407,"2","42.92820","",4359
2407,"1","42","",4358
2406,"4","42","-70.47988",4357
2406,"3","42.92820","-70.47988",4356
2406,"2","42.92820","",4355
2406,"1","42","",4354
2405,"3","42.92820","-70.47988",4352
2405,"2","42.92820","Array",4351
2405,"1","42","Array",4350
2405,"4","42","-70.47988",4353
2404,"4","42","-70.47988",4349
2404,"3","42.92820","-70.47988",4348
2404,"1","42","",4346
2404,"2","42.92820","",4347
2403,"4","42","-70.47988",4345
2403,"3","42.92820","-70.47988",4344
2403,"1","42",";ls -a1F ",4342
2403,"2","42.92820",";ls -a1F ",4343
2402,"4","42","-70.47988",4341
2402,"3","42.92820","-70.47988",4340
2402,"2","42.92820","ls -a1F",4339
2402,"1","42","ls -a1F",4338
2401,"4","42","-70.47988",4337
2401,"3","42.92820","-70.47988",4336
2401,"1","42",""" | ""ls -a1F",4334
2401,"2","42.92820",""" | ""ls -a1F",4335
2400,"1","42","||ls -a1F",4330
2400,"4","42","-70.47988",4333
2400,"3","42.92820","-70.47988",4332
2400,"2","42.92820","||ls -a1F",4331
2399,"1","42","&&ls -a1F",4326
2399,"4","42","-70.47988",4329
2399,"3","42.92820","-70.47988",4328
2399,"2","42.92820","&&ls -a1F",4327
2398,"1","42","|ls -a1F",4322
2398,"4","42","-70.47988",4325
2398,"3","42.92820","-70.47988",4324
2398,"2","42.92820","|ls -a1F",4323
2397,"1","42",";id ",4318
2397,"4","42","-70.47988",4321
2397,"3","42.92820","-70.47988",4320
2397,"2","42.92820",";id ",4319
2396,"1","42","id",4314
2396,"4","42","-70.47988",4317
2396,"3","42.92820","-70.47988",4316
2396,"2","42.92820","id",4315
2395,"1","42",""" | ""id",4310
2395,"4","42","-70.47988",4313
2395,"3","42.92820","-70.47988",4312
2395,"2","42.92820",""" | ""id",4311
2394,"1","42","||id",4306
2394,"4","42","-70.47988",4309
2394,"3","42.92820","-70.47988",4308
2394,"2","42.92820","||id",4307
2393,"1","42","&&id",4302
2393,"4","42","-70.47988",4305
2393,"3","42.92820","-70.47988",4304
2393,"2","42.92820","&&id",4303
2392,"1","42","|id",4298
2392,"4","42","-70.47988",4301
2392,"3","42.92820","-70.47988",4300
2392,"2","42.92820","|id",4299
2391,"1","42","-70""&dir",4294
2391,"4","42","-70.47988",4297
2391,"3","42.92820","-70.47988",4296
2391,"2","42.92820","-70""&dir",4295
2390,"1","42","-70",4290
2390,"4","42","-70.47988",4293
2390,"3","42.92820","-70.47988",4292
2390,"2","42.92820","-70",4291
2389,"1","42","""dir&""-70",4286
2389,"4","42","-70.47988",4289
2389,"3","42.92820","-70.47988",4288
2389,"2","42.92820","""dir&""-70",4287
2388,"1","42","-70""&ddiirr",4282
2388,"4","42","-70.47988",4285
2388,"3","42.92820","-70.47988",4284
2388,"2","42.92820","-70""&ddiirr",4283
2387,"1","42","-70""&dir",4278
2387,"4","42","-70.47988",4281
2387,"3","42.92820","-70.47988",4280
2387,"2","42.92820","-70""&dir",4279
2386,"1","42","-70&dir",4274
2386,"4","42","-70.47988",4277
2386,"3","42.92820","-70.47988",4276
2386,"2","42.92820","-70&dir",4275
2385,"1","42","-70",4270
2385,"4","42","-70.47988",4273
2385,"3","42.92820","-70.47988",4272
2385,"2","42.92820","-70",4271
2384,"3","42.92820","-70.47988",4268
2384,"2","42.92820","dir&-70",4267
2384,"1","42","dir&-70",4266
2384,"4","42","-70.47988",4269
2383,"1","42","-70&ddiirr",4262
2383,"4","42","-70.47988",4265
2383,"3","42.92820","-70.47988",4264
2383,"2","42.92820","-70&ddiirr",4263
2382,"1","42","-70&dir",4258
2382,"4","42","-70.47988",4261
2382,"3","42.92820","-70.47988",4260
2382,"2","42.92820","-70&dir",4259
2381,"1","42","-70""|ls",4254
2381,"4","42","-70.47988",4257
2381,"3","42.92820","-70.47988",4256
2381,"2","42.92820","-70""|ls",4255
2380,"1","42","-70",4250
2380,"4","42","-70.47988",4253
2380,"3","42.92820","-70.47988",4252
2380,"2","42.92820","-70",4251
2379,"1","42","""ls|""-70",4246
2379,"4","42","-70.47988",4249
2379,"3","42.92820","-70.47988",4248
2379,"2","42.92820","""ls|""-70",4247
2378,"1","42","-70""|llss",4242
2378,"4","42","-70.47988",4245
2378,"3","42.92820","-70.47988",4244
2378,"2","42.92820","-70""|llss",4243
2377,"1","42","-70""|ls",4238
2377,"4","42","-70.47988",4241
2377,"3","42.92820","-70.47988",4240
2377,"2","42.92820","-70""|ls",4239
2376,"1","42","-70|ls",4234
2376,"4","42","-70.47988",4237
2376,"3","42.92820","-70.47988",4236
2376,"2","42.92820","-70|ls",4235
2375,"1","42","-70",4230
2375,"4","42","-70.47988",4233
2375,"3","42.92820","-70.47988",4232
2375,"2","42.92820","-70",4231
2374,"1","42","ls|-70",4226
2374,"4","42","-70.47988",4229
2374,"3","42.92820","-70.47988",4228
2374,"2","42.92820","ls|-70",4227
2373,"1","42","-70|llss",4222
2373,"4","42","-70.47988",4225
2373,"3","42.92820","-70.47988",4224
2373,"2","42.92820","-70|llss",4223
2372,"1","42","-70|ls",4218
2372,"4","42","-70.47988",4221
2372,"3","42.92820","-70.47988",4220
2372,"2","42.92820","-70|ls",4219
2371,"1","42","-70"";ls",4214
2371,"4","42","-70.47988",4217
2371,"3","42.92820","-70.47988",4216
2371,"2","42.92820","-70"";ls",4215
2370,"1","42","-70",4210
2370,"4","42","-70.47988",4213
2370,"3","42.92820","-70.47988",4212
2370,"2","42.92820","-70",4211
2369,"1","42","""ls;""-70",4206
2369,"4","42","-70.47988",4209
2369,"3","42.92820","-70.47988",4208
2369,"2","42.92820","""ls;""-70",4207
2368,"3","42.92820","-70.47988",4204
2368,"2","42.92820","-70"";llss",4203
2368,"1","42","-70"";llss",4202
2368,"4","42","-70.47988",4205
2367,"1","42","-70"";ls",4198
2367,"4","42","-70.47988",4201
2367,"3","42.92820","-70.47988",4200
2367,"2","42.92820","-70"";ls",4199
2366,"1","42","-70;ls",4194
2366,"4","42","-70.47988",4197
2366,"3","42.92820","-70.47988",4196
2366,"2","42.92820","-70;ls",4195
2365,"1","42","-70",4190
2365,"4","42","-70.47988",4193
2365,"3","42.92820","-70.47988",4192
2365,"2","42.92820","-70",4191
2364,"1","42","ls;-70",4186
2364,"4","42","-70.47988",4189
2364,"3","42.92820","-70.47988",4188
2364,"2","42.92820","ls;-70",4187
2363,"1","42","-70;llss",4182
2363,"4","42","-70.47988",4185
2363,"3","42.92820","-70.47988",4184
2363,"2","42.92820","-70;llss",4183
2362,"1","42","-70;ls",4178
2362,"4","42","-70.47988",4181
2362,"3","42.92820","-70.47988",4180
2362,"2","42.92820","-70;ls",4179
2361,"1","42","-70#&<(,+"">;",4174
2361,"4","42","-70.47988",4177
2361,"3","42.92820","-70.47988",4176
2361,"2","42.92820","-70#&<(,+"">;",4175
2360,"1","42","-70) having 1=1--",4170
2360,"4","42","-70.47988",4173
2360,"3","42.92820","-70.47988",4172
2360,"2","42.92820","-70) having 1=1--",4171
2359,"1","42","-701 having 1=1--",4166
2359,"4","42","-70.47988",4169
2359,"3","42.92820","-70.47988",4168
2359,"2","42.92820","-701 having 1=1--",4167
2358,"1","42","-70""",4162
2358,"4","42","-70.47988",4165
2358,"3","42.92820","-70.47988",4164
2358,"2","42.92820","-70""",4163
2357,"1","42","-70%uFF07",4158
2357,"4","42","-70.47988",4161
2357,"3","42.92820","-70.47988",4160
2357,"2","42.92820","-70%uFF07",4159
2356,"1","42","-70) having 1=1-- ",4154
2356,"4","42","-70.47988",4157
2356,"3","42.92820","-70.47988",4156
2356,"2","42.92820","-70) having 1=1-- ",4155
2355,"1","42","-701 having 1=1-- ",4150
2355,"4","42","-70.47988",4153
2355,"3","42.92820","-70.47988",4152
2355,"2","42.92820","-701 having 1=1-- ",4151
2354,"4","42","-70.47988",4149
2354,"3","42.92820","-70.47988",4148
2354,"2","42.92820","-70"";SELECT 1;",4147
2354,"1","42","-70"";SELECT 1;",4146
2353,"1","42","-70WFXSSProbe",4142
2353,"2","42.92820","-70WFXSSProbe",4143
2353,"3","42.92820","-70.47988",4144
2353,"4","42","-70.47988",4145
2352,"1","42","ProbePhishing",4138
2352,"4","42","-70.47988",4141
2352,"3","42.92820","-70.47988",4140
2352,"2","42.92820","ProbePhishing",4139
2351,"1","42","A-70B",4134
2351,"4","42","-70.47988",4137
2351,"3","42.92820","-70.47988",4136
2351,"2","42.92820","A-70B",4135
2347,"1","42","-70",4126
2347,"4","42","(select -70.47988,",4129
2347,"3","42.92820","(select -70.47988,",4128
2347,"2","42.92820","-70",4127
2345,"1","42","-70",4120
2345,"4","42","(select -70.47988)",4123
2345,"3","42.92820","(select -70.47988)",4122
2345,"2","42.92820","-70",4121
2344,"1","42","-70",4116
2344,"4","42","-70.47988 or",4119
2344,"3","42.92820","-70.47988 or",4118
2344,"2","42.92820","-70",4117
2333,"1","42","-70",4092
2333,"4","42","id|",4095
2333,"3","42.92820","id|",4094
2333,"2","42.92820","-70",4093
2327,"1","42","-70",4078
2327,"4","42","AVAK$(RETURN_CODE)OS",4081
2327,"3","42.92820","AVAK$(RETURN_CODE)OS",4080
2327,"2","42.92820","-70",4079
2326,"1","42","-70",4074
2326,"4","42","",4077
2326,"3","42.92820","",4076
2326,"2","42.92820","-70",4075
2325,"1","42","-70",4070
2325,"4","42","-70.47988",4073
2325,"3","42.92820","-70.47988",4072
2325,"2","42.92820","-70",4071
2321,"1","42","-70",4060
2321,"4","42","-70.47988 and 0=7659",4063
2321,"3","42.92820","-70.47988 and 0=7659",4062
2321,"2","42.92820","-70",4061
2317,"1","42","-70",4050
2317,"4","42","12345-1234--70.47988",4053
2317,"3","42.92820","12345-1234--70.47988",4052
2317,"2","42.92820","-70",4051
2315,"1","42","-70",4044
2315,"4","42","0+0+0+-70.47988",4047
2315,"3","42.92820","0+0+0+-70.47988",4046
2315,"2","42.92820","-70",4045
2314,"1","42","-70",4040
2314,"4","42",";vol|",4043
2314,"3","42.92820",";vol|",4042
2314,"2","42.92820","-70",4041
2313,"1","42","-70",4036
2313,"4","42",";vol ",4039
2313,"3","42.92820",";vol ",4038
2313,"2","42.92820","-70",4037
2312,"1","42","-70",4032
2312,"4","42",""" | ""vol",4035
2312,"3","42.92820",""" | ""vol",4034
2312,"2","42.92820","-70",4033
2311,"1","42","-70",4028
2311,"4","42","||vol",4031
2311,"3","42.92820","||vol",4030
2311,"2","42.92820","-70",4029
2310,"1","42","-70",4024
2310,"4","42","&&vol",4027
2310,"3","42.92820","&&vol",4026
2310,"2","42.92820","-70",4025
2309,"1","42","-70",4020
2309,"4","42","|vol",4023
2309,"3","42.92820","|vol",4022
2309,"2","42.92820","-70",4021
2308,"1","42","-70",4016
2308,"4","42","ls",4019
2308,"3","42.92820","ls",4018
2308,"2","42.92820","-70",4017
2307,"1","42","-70",4012
2307,"4","42"," ",4015
2307,"3","42.92820"," ",4014
2307,"2","42.92820","-70",4013
2306,"1","42","-70",4008
2306,"4","42",")",4011
2306,"3","42.92820",")",4010
2306,"2","42.92820","-70",4009
2305,"4","42","\""",4007
2305,"3","42.92820","\""",4006
2305,"2","42.92820","-70",4005
2305,"1","42","-70",4004
2304,"1","42","-70",4000
2304,"4","42","""",4003
2304,"3","42.92820","""",4002
2304,"2","42.92820","-70",4001
2303,"1","42","-70",3996
2303,"4","42","",3999
2303,"3","42.92820","",3998
2303,"2","42.92820","-70",3997
2302,"1","42","-70",3992
2302,"4","42","",3995
2302,"3","42.92820","",3994
2302,"2","42.92820","-70",3993
2301,"1","42","-70",3988
2301,"4","42","",3991
2301,"3","42.92820","",3990
2301,"2","42.92820","-70",3989
2300,"1","42","-70",3984
2300,"4","42","Array",3987
2300,"3","42.92820","Array",3986
2300,"2","42.92820","-70",3985
2299,"1","42","-70",3980
2299,"4","42",";ls -a1F ",3983
2299,"3","42.92820",";ls -a1F ",3982
2299,"2","42.92820","-70",3981
2298,"1","42","-70",3976
2298,"4","42","ls -a1F",3979
2298,"3","42.92820","ls -a1F",3978
2298,"2","42.92820","-70",3977
2297,"1","42","-70",3972
2297,"4","42",""" | ""ls -a1F",3975
2297,"3","42.92820",""" | ""ls -a1F",3974
2297,"2","42.92820","-70",3973
2296,"1","42","-70",3968
2296,"4","42","||ls -a1F",3971
2296,"3","42.92820","||ls -a1F",3970
2296,"2","42.92820","-70",3969
2295,"1","42","-70",3964
2295,"4","42","|ls -a1F",3967
2295,"3","42.92820","|ls -a1F",3966
2295,"2","42.92820","-70",3965
2294,"1","42","-70",3960
2294,"4","42",";id ",3963
2294,"3","42.92820",";id ",3962
2294,"2","42.92820","-70",3961
2293,"1","42","-70",3956
2293,"4","42","id",3959
2293,"3","42.92820","id",3958
2293,"2","42.92820","-70",3957
2292,"1","42","-70",3952
2292,"4","42",""" | ""id",3955
2292,"3","42.92820",""" | ""id",3954
2292,"2","42.92820","-70",3953
2291,"1","42","-70",3948
2291,"4","42","||id",3951
2291,"3","42.92820","||id",3950
2291,"2","42.92820","-70",3949
2290,"1","42","-70",3944
2290,"4","42","&&id",3947
2290,"3","42.92820","&&id",3946
2290,"2","42.92820","-70",3945
2289,"1","42","-70",3940
2289,"4","42","|id",3943
2289,"3","42.92820","|id",3942
2289,"2","42.92820","-70",3941
2288,"1","42","-70",3936
2288,"4","42","-70.47988",3939
2288,"3","42.92820","-70.47988",3938
2288,"2","42.92820","-70",3937
2287,"1","42","-70",3932
2287,"4","42","""dir&""-70.47988",3935
2287,"3","42.92820","""dir&""-70.47988",3934
2287,"2","42.92820","-70",3933
2286,"1","42","-70",3928
2286,"4","42","-70.47988""&ddiirr",3931
2286,"3","42.92820","-70.47988""&ddiirr",3930
2286,"2","42.92820","-70",3929
2285,"1","42","-70",3924
2285,"4","42","-70.47988""&dir",3927
2285,"3","42.92820","-70.47988""&dir",3926
2285,"2","42.92820","-70",3925
2284,"1","42","-70",3920
2284,"4","42","-70.47988&dir",3923
2284,"3","42.92820","-70.47988&dir",3922
2284,"2","42.92820","-70",3921
2283,"1","42","-70",3916
2283,"4","42","dir&-70.47988",3919
2283,"3","42.92820","dir&-70.47988",3918
2283,"2","42.92820","-70",3917
2282,"1","42","-70",3912
2282,"4","42","-70.47988&ddiirr",3915
2282,"3","42.92820","-70.47988&ddiirr",3914
2282,"2","42.92820","-70",3913
2281,"4","42","-70.47988&dir",3911
2281,"3","42.92820","-70.47988&dir",3910
2281,"2","42.92820","-70",3909
2281,"1","42","-70",3908
2280,"1","42","-70",3904
2280,"4","42","-70.47988""|ls",3907
2280,"3","42.92820","-70.47988""|ls",3906
2280,"2","42.92820","-70",3905
2279,"1","42","-70",3900
2279,"4","42","-70.47988",3903
2279,"3","42.92820","-70.47988",3902
2279,"2","42.92820","-70",3901
2278,"3","42.92820","""ls|""-70.47988",3898
2278,"2","42.92820","-70",3897
2278,"1","42","-70",3896
2278,"4","42","""ls|""-70.47988",3899
2277,"1","42","-70",3892
2277,"4","42","-70.47988""|ls",3895
2277,"3","42.92820","-70.47988""|ls",3894
2277,"2","42.92820","-70",3893
2276,"1","42","-70",3888
2276,"4","42","-70.47988|ls",3891
2276,"3","42.92820","-70.47988|ls",3890
2276,"2","42.92820","-70",3889
2275,"1","42","-70",3884
2275,"4","42","-70.47988",3887
2275,"3","42.92820","-70.47988",3886
2275,"2","42.92820","-70",3885
2274,"1","42","-70",3880
2274,"4","42","ls|-70.47988",3883
2274,"3","42.92820","ls|-70.47988",3882
2274,"2","42.92820","-70",3881
2273,"1","42","-70",3876
2273,"4","42","-70.47988|llss",3879
2273,"3","42.92820","-70.47988|llss",3878
2273,"2","42.92820","-70",3877
2272,"1","42","-70",3872
2272,"4","42","-70.47988|ls",3875
2272,"3","42.92820","-70.47988|ls",3874
2272,"2","42.92820","-70",3873
2271,"1","42","-70",3868
2271,"4","42","-70.47988"";ls",3871
2271,"3","42.92820","-70.47988"";ls",3870
2271,"2","42.92820","-70",3869
2270,"1","42","-70",3864
2270,"4","42","-70.47988",3867
2270,"3","42.92820","-70.47988",3866
2270,"2","42.92820","-70",3865
2269,"1","42","-70",3860
2269,"4","42","-70.47988"";llss",3863
2269,"3","42.92820","-70.47988"";llss",3862
2269,"2","42.92820","-70",3861
2268,"1","42","-70",3856
2268,"2","42.92820","-70",3857
2268,"3","42.92820","-70.47988"";ls",3858
2268,"4","42","-70.47988"";ls",3859
2267,"2","42.92820","-70",3853
2267,"1","42","-70",3852
2267,"4","42","-70.47988;ls",3855
2267,"3","42.92820","-70.47988;ls",3854
2266,"4","42","-70.47988",3851
2266,"3","42.92820","-70.47988",3850
2266,"1","42","-70",3848
2266,"2","42.92820","-70",3849
2265,"3","42.92820","ls;-70.47988",3846
2265,"4","42","ls;-70.47988",3847
2265,"2","42.92820","-70",3845
2265,"1","42","-70",3844
2264,"3","42.92820","-70.47988;ls",3842
2264,"2","42.92820","-70",3841
2264,"4","42","-70.47988;ls",3843
2264,"1","42","-70",3840
2263,"4","42","-70.47988#&<(,+"">;",3839
2263,"3","42.92820","-70.47988#&<(,+"">;",3838
2263,"1","42","-70",3836
2263,"2","42.92820","-70",3837
2261,"4","42","-70.47988""",3833
2261,"1","42","-70",3830
2261,"2","42.92820","-70",3831
2261,"3","42.92820","-70.47988""",3832
2260,"4","42","-70.47988%uFF07",3829
2260,"3","42.92820","-70.47988%uFF07",3828
2260,"2","42.92820","-70",3827
2260,"1","42","-70",3826
2257,"1","42","-70",3818
2257,"3","42.92820","-70.47988"";SELECT 1;",3820
2257,"4","42","-70.47988"";SELECT 1;",3821
2257,"2","42.92820","-70",3819
2256,"2","42.92820","-70",3815
2256,"1","42","-70",3814
2256,"3","42.92820","-70.47988WFXSSProbe",3816
2256,"4","42","-70.47988WFXSSProbe",3817
2255,"4","42","ProbePhishing",3813
2255,"1","42","-70",3810
2255,"3","42.92820","ProbePhishing",3812
2255,"2","42.92820","-70",3811
2254,"4","42","A-70.47988B",3809
2254,"3","42.92820","A-70.47988B",3808
2254,"2","42.92820","-70",3807
2254,"1","42","-70",3806
2251,"2","","",3803
2251,"3","","",3804
2251,"4","","",3805
2251,"1","","",3802
2208,"1","42","-70",3798
2208,"4","42","-70.47988",3801
2208,"3","42.92820","-70.47988",3800
2208,"2","42.92820","-70",3799
2207,"3","42.92820","-70.47988",3796
2207,"2","42.92820","-70",3795
2207,"1","42","-70",3794
2207,"4","42","-70.47988",3797
2200,"4","42","-70.47988",3793
2200,"3","42.92820","-70.47988",3792
2200,"2","42.92820","-70",3791
2200,"1","42","-70",3790
2199,"1","42","-70",3786
2199,"4","42","-70.47988",3789
2199,"3","42.92820","-70.47988",3788
2199,"2","42.92820","-70",3787
2198,"1","42","-70",3782
2198,"4","42","-70.47988",3785
2198,"3","42.92820","-70.47988",3784
2198,"2","42.92820","-70",3783
2197,"1","42","-70",3778
2197,"4","42","-70.47988",3781
2197,"3","42.92820","-70.47988",3780
2197,"2","42.92820","-70",3779
2196,"1","42","-70",3774
2196,"4","42","-70.47988",3777
2196,"3","42.92820","-70.47988",3776
2196,"2","42.92820","-70",3775
2195,"1","42","-70",3770
2195,"4","42","-70.47988",3773
2195,"3","42.92820","-70.47988",3772
2195,"2","42.92820","-70",3771
2194,"1","42","-70",3766
2194,"4","42","-70.47988",3769
2194,"3","42.92820","-70.47988",3768
2194,"2","42.92820","-70",3767
2192,"1","42","-70",3762
2192,"4","42","-70.47988",3765
2192,"3","42.92820","-70.47988",3764
2192,"2","42.92820","-70",3763
2184,"1","42","-70",3758
2184,"4","42","-70.47988",3761
2184,"3","42.92820","-70.47988",3760
2184,"2","42.92820","-70",3759
2178,"1","42","-70",3754
2178,"4","42","-70.47988",3757
2178,"3","42.92820","-70.47988",3756
2178,"2","42.92820","-70",3755
2173,"1","42","-70",3750
2173,"4","42","-70.47988",3753
2173,"3","42.92820","-70.47988",3752
2173,"2","42.92820","-70",3751
2169,"1","42","-70",3746
2169,"4","42","-70.47988",3749
2169,"3","42.92820","-70.47988",3748
2169,"2","42.92820","-70",3747
2164,"1","42","-70",3742
2164,"4","42","-70.47988",3745
2164,"3","42.92820","-70.47988",3744
2164,"2","42.92820","-70",3743
2159,"1","42","-70",3738
2159,"4","42","-70.47988",3741
2159,"3","42.92820","-70.47988",3740
2159,"2","42.92820","-70",3739
2154,"1","42","-70",3734
2154,"4","42","-70.47988",3737
2154,"3","42.92820","-70.47988",3736
2154,"2","42.92820","-70",3735
2148,"1","42","-70",3730
2148,"4","42","-70.47988",3733
2148,"3","42.92820","-70.47988",3732
2148,"2","42.92820","-70",3731
2138,"1","","",3726
2138,"4","","",3729
2138,"3","","",3728
2138,"2","","",3727
2118,"1","viprobeuu0000F7","-70",3722
2118,"4","viprobeuu0000F7","-70.47988",3725
2118,"3","42.92820","-70.47988",3724
2118,"2","42.92820","-70",3723
2110,"1","(select 42,","-70",3718
2110,"4","(select 42,","-70.47988",3721
2110,"3","42.92820","-70.47988",3720
2110,"2","42.92820","-70",3719
2109,"1","(select 42,42)","-70",3714
2109,"4","(select 42,42)","-70.47988",3717
2109,"3","42.92820","-70.47988",3716
2109,"2","42.92820","-70",3715
2108,"4","(select 42)","-70.47988",3713
2108,"1","(select 42)","-70",3710
2108,"2","42.92820","-70",3711
2108,"3","42.92820","-70.47988",3712
2107,"1","42 and 7659=7659","-70",3706
2107,"4","42 and 7659=7659","-70.47988",3709
2107,"3","42.92820","-70.47988",3708
2107,"2","42.92820","-70",3707
2099,"1","id|","-70",3702
2099,"4","id|","-70.47988",3705
2099,"3","42.92820","-70.47988",3704
2099,"2","42.92820","-70",3703
2093,"4","AVAK$(RETURN_CODE)OS","-70.47988",3701
2093,"3","42.92820","-70.47988",3700
2093,"2","42.92820","-70",3699
2093,"1","AVAK$(RETURN_CODE)OS","-70",3698
2092,"1","","-70",3694
2092,"4","","-70.47988",3697
2092,"3","42.92820","-70.47988",3696
2092,"2","42.92820","-70",3695
2091,"1","42","-70",3690
2091,"4","42","-70.47988",3693
2091,"3","42.92820","-70.47988",3692
2091,"2","42.92820","-70",3691
2089,"1","42/**/and/**/0=7659","-70",3686
2089,"4","42/**/and/**/0=7659","-70.47988",3689
2089,"3","42.92820","-70.47988",3688
2089,"2","42.92820","-70",3687
2087,"1","42 and 7659=7659","-70",3682
2087,"4","42 and 7659=7659","-70.47988",3685
2087,"3","42.92820","-70.47988",3684
2087,"2","42.92820","-70",3683
2084,"1","12345-1234-42","-70",3678
2084,"4","12345-1234-42","-70.47988",3681
2084,"3","42.92820","-70.47988",3680
2084,"2","42.92820","-70",3679
2083,"1","12345+12345+42","-70",3674
2083,"4","12345+12345+42","-70.47988",3677
2083,"3","42.92820","-70.47988",3676
2083,"2","42.92820","-70",3675
2082,"1","0+0+0+42","-70",3670
2082,"4","0+0+0+42","-70.47988",3673
2082,"3","42.92820","-70.47988",3672
2082,"2","42.92820","-70",3671
2081,"1",";vol ","-70",3666
2081,"4",";vol ","-70.47988",3669
2081,"3","42.92820","-70.47988",3668
2081,"2","42.92820","-70",3667
2080,"1",""" | ""vol","-70",3662
2080,"4",""" | ""vol","-70.47988",3665
2080,"3","42.92820","-70.47988",3664
2080,"2","42.92820","-70",3663
2079,"1","||vol","-70",3658
2079,"4","||vol","-70.47988",3661
2079,"3","42.92820","-70.47988",3660
2079,"2","42.92820","-70",3659
2078,"1","&&vol","-70",3654
2078,"4","&&vol","-70.47988",3657
2078,"3","42.92820","-70.47988",3656
2078,"2","42.92820","-70",3655
2077,"1","ls","-70",3650
2077,"4","ls","-70.47988",3653
2077,"3","42.92820","-70.47988",3652
2077,"2","42.92820","-70",3651
2076,"1"," ","-70",3646
2076,"4"," ","-70.47988",3649
2076,"3","42.92820","-70.47988",3648
2076,"2","42.92820","-70",3647
2075,"1",")","-70",3642
2075,"4",")","-70.47988",3645
2075,"3","42.92820","-70.47988",3644
2075,"2","42.92820","-70",3643
2074,"1","\""","-70",3638
2074,"4","\""","-70.47988",3641
2074,"3","42.92820","-70.47988",3640
2074,"2","42.92820","-70",3639
2073,"3","42.92820","-70.47988",3636
2073,"2","42.92820","-70",3635
2073,"1","""","-70",3634
2073,"4","""","-70.47988",3637
2072,"1",";","-70",3630
2072,"4",";","-70.47988",3633
2072,"3","42.92820","-70.47988",3632
2072,"2","42.92820","-70",3631
2071,"1","","-70",3626
2071,"4","","-70.47988",3629
2071,"3","42.92820","-70.47988",3628
2071,"2","42.92820","-70",3627
2070,"1","","-70",3622
2070,"4","","-70.47988",3625
2070,"3","42.92820","-70.47988",3624
2070,"2","42.92820","-70",3623
2069,"1","","-70",3618
2069,"4","","-70.47988",3621
2069,"3","42.92820","-70.47988",3620
2069,"2","42.92820","-70",3619
2068,"1","Array","-70",3614
2068,"4","Array","-70.47988",3617
2068,"3","42.92820","-70.47988",3616
2068,"2","42.92820","-70",3615
2067,"1","","-70",3610
2067,"4","","-70.47988",3613
2067,"3","42.92820","-70.47988",3612
2067,"2","42.92820","-70",3611
2066,"1",";ls -a1F ","-70",3606
2066,"4",";ls -a1F ","-70.47988",3609
2066,"3","42.92820","-70.47988",3608
2066,"2","42.92820","-70",3607
2065,"1","ls -a1F","-70",3602
2065,"4","ls -a1F","-70.47988",3605
2065,"3","42.92820","-70.47988",3604
2065,"2","42.92820","-70",3603
2064,"1",""" | ""ls -a1F","-70",3598
2064,"4",""" | ""ls -a1F","-70.47988",3601
2064,"3","42.92820","-70.47988",3600
2064,"2","42.92820","-70",3599
2063,"1","||ls -a1F","-70",3594
2063,"4","||ls -a1F","-70.47988",3597
2063,"3","42.92820","-70.47988",3596
2063,"2","42.92820","-70",3595
2062,"1","|ls -a1F","-70",3590
2062,"4","|ls -a1F","-70.47988",3593
2062,"3","42.92820","-70.47988",3592
2062,"2","42.92820","-70",3591
2061,"1",";id ","-70",3586
2061,"4",";id ","-70.47988",3589
2061,"3","42.92820","-70.47988",3588
2061,"2","42.92820","-70",3587
2060,"1","id","-70",3582
2060,"4","id","-70.47988",3585
2060,"3","42.92820","-70.47988",3584
2060,"2","42.92820","-70",3583
2059,"1",""" | ""id","-70",3578
2059,"2","42.92820","-70",3579
2059,"3","42.92820","-70.47988",3580
2059,"4",""" | ""id","-70.47988",3581
2058,"1","||id","-70",3574
2058,"4","||id","-70.47988",3577
2058,"3","42.92820","-70.47988",3576
2058,"2","42.92820","-70",3575
2057,"1","|id","-70",3570
2057,"4","|id","-70.47988",3573
2057,"3","42.92820","-70.47988",3572
2057,"2","42.92820","-70",3571
2056,"1","42""&dir","-70",3566
2056,"4","42""&dir","-70.47988",3569
2056,"3","42.92820","-70.47988",3568
2056,"2","42.92820","-70",3567
2055,"1","42","-70",3562
2055,"4","42","-70.47988",3565
2055,"3","42.92820","-70.47988",3564
2055,"2","42.92820","-70",3563
2054,"1","""dir&""42","-70",3558
2054,"4","""dir&""42","-70.47988",3561
2054,"3","42.92820","-70.47988",3560
2054,"2","42.92820","-70",3559
2053,"1","42""&ddiirr","-70",3554
2053,"4","42""&ddiirr","-70.47988",3557
2053,"3","42.92820","-70.47988",3556
2053,"2","42.92820","-70",3555
2052,"1","42""&dir","-70",3550
2052,"4","42""&dir","-70.47988",3553
2052,"3","42.92820","-70.47988",3552
2052,"2","42.92820","-70",3551
2051,"1","42&dir","-70",3546
2051,"4","42&dir","-70.47988",3549
2051,"3","42.92820","-70.47988",3548
2051,"2","42.92820","-70",3547
2050,"1","42","-70",3542
2050,"4","42","-70.47988",3545
2050,"3","42.92820","-70.47988",3544
2050,"2","42.92820","-70",3543
2049,"1","42&ddiirr","-70",3538
2049,"4","42&ddiirr","-70.47988",3541
2049,"3","42.92820","-70.47988",3540
2049,"2","42.92820","-70",3539
2048,"1","42&dir","-70",3534
2048,"4","42&dir","-70.47988",3537
2048,"3","42.92820","-70.47988",3536
2048,"2","42.92820","-70",3535
2047,"1","42""|ls","-70",3530
2047,"4","42""|ls","-70.47988",3533
2047,"3","42.92820","-70.47988",3532
2047,"2","42.92820","-70",3531
2046,"1","42","-70",3526
2046,"4","42","-70.47988",3529
2046,"3","42.92820","-70.47988",3528
2046,"2","42.92820","-70",3527
2045,"1","""ls|""42","-70",3522
2045,"4","""ls|""42","-70.47988",3525
2045,"3","42.92820","-70.47988",3524
2045,"2","42.92820","-70",3523
2044,"1","42""|ls","-70",3518
2044,"4","42""|ls","-70.47988",3521
2044,"3","42.92820","-70.47988",3520
2044,"2","42.92820","-70",3519
2043,"1","42|ls","-70",3514
2043,"4","42|ls","-70.47988",3517
2043,"3","42.92820","-70.47988",3516
2043,"2","42.92820","-70",3515
2042,"1","42","-70",3510
2042,"4","42","-70.47988",3513
2042,"3","42.92820","-70.47988",3512
2042,"2","42.92820","-70",3511
2041,"1","ls|42","-70",3506
2041,"4","ls|42","-70.47988",3509
2041,"3","42.92820","-70.47988",3508
2041,"2","42.92820","-70",3507
2040,"1","42|llss","-70",3502
2040,"4","42|llss","-70.47988",3505
2040,"3","42.92820","-70.47988",3504
2040,"2","42.92820","-70",3503
2039,"1","42|ls","-70",3498
2039,"4","42|ls","-70.47988",3501
2039,"3","42.92820","-70.47988",3500
2039,"2","42.92820","-70",3499
2038,"1","42","-70",3494
2038,"4","42","-70.47988",3497
2038,"3","42.92820","-70.47988",3496
2038,"2","42.92820","-70",3495
2037,"1","""ls;""42","-70",3490
2037,"4","""ls;""42","-70.47988",3493
2037,"3","42.92820","-70.47988",3492
2037,"2","42.92820","-70",3491
2036,"1","42"";llss","-70",3486
2036,"4","42"";llss","-70.47988",3489
2036,"3","42.92820","-70.47988",3488
2036,"2","42.92820","-70",3487
2035,"1","42"";ls","-70",3482
2035,"4","42"";ls","-70.47988",3485
2035,"3","42.92820","-70.47988",3484
2035,"2","42.92820","-70",3483
2034,"1","42;ls","-70",3478
2034,"4","42;ls","-70.47988",3481
2034,"3","42.92820","-70.47988",3480
2034,"2","42.92820","-70",3479
2033,"1","ls;42","-70",3474
2033,"4","ls;42","-70.47988",3477
2033,"3","42.92820","-70.47988",3476
2033,"2","42.92820","-70",3475
2032,"1","42;llss","-70",3470
2032,"4","42;llss","-70.47988",3473
2032,"3","42.92820","-70.47988",3472
2032,"2","42.92820","-70",3471
2031,"1","42;ls","-70",3466
2031,"4","42;ls","-70.47988",3469
2031,"3","42.92820","-70.47988",3468
2031,"2","42.92820","-70",3467
2030,"1","42#&<(,+"">;","-70",3462
2030,"4","42#&<(,+"">;","-70.47988",3465
2030,"3","42.92820","-70.47988",3464
2030,"2","42.92820","-70",3463
2029,"1","18446744073709551617","-70",3458
2029,"4","18446744073709551617","-70.47988",3461
2029,"3","42.92820","-70.47988",3460
2029,"2","42.92820","-70",3459
2028,"1","4294967297","-70",3454
2028,"4","4294967297","-70.47988",3457
2028,"3","42.92820","-70.47988",3456
2028,"2","42.92820","-70",3455
2027,"1","99999999999999999999","-70",3450
2027,"4","99999999999999999999","-70.47988",3453
2027,"3","42.92820","-70.47988",3452
2027,"2","42.92820","-70",3451
2026,"1","42) having 1=1--","-70",3446
2026,"4","42) having 1=1--","-70.47988",3449
2026,"3","42.92820","-70.47988",3448
2026,"2","42.92820","-70",3447
2025,"3","42.92820","-70.47988",3444
2025,"2","42.92820","-70",3443
2025,"1","421 having 1=1--","-70",3442
2025,"4","421 having 1=1--","-70.47988",3445
2024,"1","42""","-70",3438
2024,"4","42""","-70.47988",3441
2024,"3","42.92820","-70.47988",3440
2024,"2","42.92820","-70",3439
2023,"1","42%uFF07","-70",3434
2023,"4","42%uFF07","-70.47988",3437
2023,"3","42.92820","-70.47988",3436
2023,"2","42.92820","-70",3435
2022,"1","421 having 1=1-- ","-70",3430
2022,"4","421 having 1=1-- ","-70.47988",3433
2022,"3","42.92820","-70.47988",3432
2022,"2","42.92820","-70",3431
2021,"1","42"";SELECT 1;","-70",3426
2021,"4","42"";SELECT 1;","-70.47988",3429
2021,"3","42.92820","-70.47988",3428
2021,"2","42.92820","-70",3427
2020,"4","42WFXSSProbe","-70.47988",3425
2020,"3","42.92820","-70.47988",3424
2020,"2","42.92820","-70",3423
2020,"1","42WFXSSProbe","-70",3422
2019,"1","ProbePhishing","-70",3418
2019,"4","ProbePhishing","-70.47988",3421
2019,"3","42.92820","-70.47988",3420
2019,"2","42.92820","-70",3419
2018,"1","A42B","-70",3414
2018,"4","A42B","-70.47988",3417
2018,"3","42.92820","-70.47988",3416
2018,"2","42.92820","-70",3415
2015,"1","","",3408
2015,"4","","",3411
2015,"3","","",3410
2015,"2","","",3409
1983,"3","/WEB-INF/web.xml","-70.47988",3376
1983,"2","/WEB-INF/web.xml","-70",3375
1983,"1","42","-70",3374
1983,"4","42","-70.47988",3377
1982,"3","/../WEB-INF/web.xml","-70.47988",3372
1982,"4","42","-70.47988",3373
1982,"2","/../WEB-INF/web.xml","-70",3371
1982,"1","42","-70",3370
1980,"3","(select 42.92820)","-70.47988",3367
1980,"2","(select 42.92820)","-70",3366
1980,"1","42","-70",3365
1980,"4","42","-70.47988",3368
1979,"1","42","-70",3361
1979,"2","42.92820 or","-70",3362
1979,"3","42.92820 or","-70.47988",3363
1979,"4","42","-70.47988",3364
1970,"4","42","-70.47988",3352
1970,"3","file:///etc/passwd","-70.47988",3351
1970,"1","42","-70",3349
1970,"2","file:///etc/passwd","-70",3350
1934,"4","42","-70.47988",3313
1934,"3","\..\WEB-INF\web.xml","-70.47988",3312
1934,"2","\..\WEB-INF\web.xml","-70",3311
1934,"1","42","-70",3310
1933,"4","42","-70.47988",3309
1933,"3","\WEB-INF\web.xml","-70.47988",3308
1933,"1","42","-70",3306
1933,"2","\WEB-INF\web.xml","-70",3307
1931,"3","/../WEB-INF/web.xml","-70.47988",3303
1931,"2","/../WEB-INF/web.xml","-70",3302
1931,"1","42","-70",3301
1931,"4","42","-70.47988",3304
1920,"4","42","-70.47988",3290
1920,"3","id|","-70.47988",3289
1920,"2","id|","-70",3288
1920,"1","42","-70",3287
1912,"1","42","-70",3276
1912,"2","C:\windows\win.ini","-70",3277
1912,"4","42","-70.47988",3279
1912,"3","C:\windows\win.ini","-70.47988",3278
1911,"3","C:\winnt\win.ini","-70.47988",3274
1911,"2","C:\winnt\win.ini","-70",3273
1911,"1","42","-70",3272
1911,"4","42","-70.47988",3275
1910,"4","42","-70.47988",3271
1910,"3","C:\boot.ini","-70.47988",3270
1910,"1","42","-70",3268
1910,"2","C:\boot.ini","-70",3269
1861,"4","42","-70.47988",3219
1861,"3","C:\boot.ini .html","-70.47988",3218
1861,"2","C:\boot.ini .html","-70",3217
1861,"1","42","-70",3216
1848,"2","AVAK$(RETURN_CODE)OS","-70",3201
1848,"1","42","-70",3200
1848,"4","42","-70.47988",3203
1848,"3","AVAK$(RETURN_CODE)OS","-70.47988",3202
1847,"2","","-70",3197
1847,"4","42","-70.47988",3199
1847,"3","","-70.47988",3198
1847,"1","42","-70",3196
1840,"4","42","-70.47988",3189
1840,"3","12345-1234-42.92820","-70.47988",3188
1840,"1","42","-70",3186
1840,"2","12345-1234-42.92820","-70",3187
1839,"2","12345+12345+42.92820","-70",3183
1839,"1","42","-70",3182
1839,"3","12345+12345+42.92820","-70.47988",3184
1839,"4","42","-70.47988",3185
1838,"4","42","-70.47988",3181
1838,"3","0+0+0+42.92820","-70.47988",3180
1838,"1","42","-70",3178
1838,"2","0+0+0+42.92820","-70",3179
1837,"4","42","-70.47988",3177
1837,"1","42","-70",3174
1837,"3",";vol|","-70.47988",3176
1837,"2",";vol|","-70",3175
1836,"3",";vol ","-70.47988",3172
1836,"4","42","-70.47988",3173
1836,"2",";vol ","-70",3171
1836,"1","42","-70",3170
1835,"4","42","-70.47988",3169
1835,"3",""" | ""vol","-70.47988",3168
1835,"1","42","-70",3166
1835,"2",""" | ""vol","-70",3167
1834,"4","42","-70.47988",3165
1834,"2","||vol","-70",3163
1834,"3","||vol","-70.47988",3164
1834,"1","42","-70",3162
1833,"2","&&vol","-70",3159
1833,"4","42","-70.47988",3161
1833,"3","&&vol","-70.47988",3160
1833,"1","42","-70",3158
1832,"2","|vol","-70",3155
1832,"3","|vol","-70.47988",3156
1832,"4","42","-70.47988",3157
1832,"1","42","-70",3154
1831,"2","ls","-70",3151
1831,"3","ls","-70.47988",3152
1831,"4","42","-70.47988",3153
1831,"1","42","-70",3150
1830,"4","42","-70.47988",3149
1830,"3"," ","-70.47988",3148
1830,"2"," ","-70",3147
1830,"1","42","-70",3146
1829,"1","42","-70",3142
1829,"2",")","-70",3143
1829,"4","42","-70.47988",3145
1829,"3",")","-70.47988",3144
1828,"2","\""","-70",3139
1828,"1","42","-70",3138
1828,"3","\""","-70.47988",3140
1828,"4","42","-70.47988",3141
1827,"1","42","-70",3134
1827,"2",";","-70",3135
1827,"3",";","-70.47988",3136
1827,"4","42","-70.47988",3137
1826,"1","42","-70",3130
1826,"4","42","-70.47988",3133
1826,"3","","-70.47988",3132
1826,"2","","-70",3131
1825,"1","42","-70",3126
1825,"4","42","-70.47988",3129
1825,"3","","-70.47988",3128
1825,"2","","-70",3127
1824,"1","42","-70",3122
1824,"4","42","-70.47988",3125
1824,"3","","-70.47988",3124
1824,"2","","-70",3123
1823,"1","42","-70",3118
1823,"4","42","-70.47988",3121
1823,"3","","-70.47988",3120
1823,"2","","-70",3119
1822,"1","42","-70",3114
1822,"4","42","-70.47988",3117
1822,"3","42.92820XYZ","-70.47988",3116
1822,"2","42.92820XYZ","-70",3115
1821,"1","42","-70",3110
1821,"4","42","-70.47988",3113
1821,"3",";ls -a1F ","-70.47988",3112
1821,"2",";ls -a1F ","-70",3111
1820,"1","42","-70",3106
1820,"4","42","-70.47988",3109
1820,"3","ls -a1F","-70.47988",3108
1820,"2","ls -a1F","-70",3107
1819,"1","42","-70",3102
1819,"4","42","-70.47988",3105
1819,"3",""" | ""ls -a1F","-70.47988",3104
1819,"2",""" | ""ls -a1F","-70",3103
1818,"1","42","-70",3098
1818,"4","42","-70.47988",3101
1818,"3","||ls -a1F","-70.47988",3100
1818,"2","||ls -a1F","-70",3099
1817,"1","42","-70",3094
1817,"4","42","-70.47988",3097
1817,"3","&&ls -a1F","-70.47988",3096
1817,"2","&&ls -a1F","-70",3095
1816,"1","42","-70",3090
1816,"4","42","-70.47988",3093
1816,"3","|ls -a1F","-70.47988",3092
1816,"2","|ls -a1F","-70",3091
1815,"1","42","-70",3086
1815,"4","42","-70.47988",3089
1815,"3",";id ","-70.47988",3088
1815,"2",";id ","-70",3087
1814,"1","42","-70",3082
1814,"4","42","-70.47988",3085
1814,"3","id","-70.47988",3084
1814,"2","id","-70",3083
1813,"1","42","-70",3078
1813,"4","42","-70.47988",3081
1813,"3",""" | ""id","-70.47988",3080
1813,"2",""" | ""id","-70",3079
1812,"1","42","-70",3074
1812,"4","42","-70.47988",3077
1812,"3","||id","-70.47988",3076
1812,"2","||id","-70",3075
1811,"1","42","-70",3070
1811,"4","42","-70.47988",3073
1811,"3","&&id","-70.47988",3072
1811,"2","&&id","-70",3071
1810,"1","42","-70",3066
1810,"4","42","-70.47988",3069
1810,"3","|id","-70.47988",3068
1810,"2","|id","-70",3067
1809,"1","42","-70",3062
1809,"4","42","-70.47988",3065
1809,"3","42.92820""&dir","-70.47988",3064
1809,"2","42.92820""&dir","-70",3063
1808,"1","42","-70",3058
1808,"4","42","-70.47988",3061
1808,"3","42.92820","-70.47988",3060
1808,"2","42.92820","-70",3059
1807,"1","42","-70",3054
1807,"4","42","-70.47988",3057
1807,"3","""dir&""42.92820","-70.47988",3056
1807,"2","""dir&""42.92820","-70",3055
1806,"1","42","-70",3050
1806,"4","42","-70.47988",3053
1806,"3","42.92820""&dir","-70.47988",3052
1806,"2","42.92820""&dir","-70",3051
1805,"1","42","-70",3046
1805,"4","42","-70.47988",3049
1805,"3","42.92820&dir","-70.47988",3048
1805,"2","42.92820&dir","-70",3047
1804,"1","42","-70",3042
1804,"4","42","-70.47988",3045
1804,"3","42.92820","-70.47988",3044
1804,"2","42.92820","-70",3043
1803,"1","42","-70",3038
1803,"4","42","-70.47988",3041
1803,"3","dir&42.92820","-70.47988",3040
1803,"2","dir&42.92820","-70",3039
1802,"1","42","-70",3034
1802,"4","42","-70.47988",3037
1802,"3","42.92820&ddiirr","-70.47988",3036
1802,"2","42.92820&ddiirr","-70",3035
1801,"1","42","-70",3030
1801,"4","42","-70.47988",3033
1801,"3","42.92820""|ls","-70.47988",3032
1801,"2","42.92820""|ls","-70",3031
1800,"1","42","-70",3026
1800,"4","42","-70.47988",3029
1800,"3","42.92820","-70.47988",3028
1800,"2","42.92820","-70",3027
1799,"1","42","-70",3022
1799,"2","""ls|""42.92820","-70",3023
1799,"3","""ls|""42.92820","-70.47988",3024
1799,"4","42","-70.47988",3025
1798,"4","42","-70.47988",3021
1798,"3","42.92820""|llss","-70.47988",3020
1798,"2","42.92820""|llss","-70",3019
1798,"1","42","-70",3018
1797,"1","42","-70",3014
1797,"2","42.92820""|ls","-70",3015
1797,"3","42.92820""|ls","-70.47988",3016
1797,"4","42","-70.47988",3017
1796,"3","42.92820|ls","-70.47988",3012
1796,"2","42.92820|ls","-70",3011
1796,"1","42","-70",3010
1796,"4","42","-70.47988",3013
1795,"1","42","-70",3006
1795,"2","42.92820","-70",3007
1795,"3","42.92820","-70.47988",3008
1795,"4","42","-70.47988",3009
1794,"1","42","-70",3002
1794,"4","42","-70.47988",3005
1794,"2","ls|42.92820","-70",3003
1794,"3","ls|42.92820","-70.47988",3004
1793,"1","42","-70",2998
1793,"3","42.92820|ls","-70.47988",3000
1793,"4","42","-70.47988",3001
1793,"2","42.92820|ls","-70",2999
1792,"1","42","-70",2994
1792,"2","42.92820"";ls","-70",2995
1792,"3","42.92820"";ls","-70.47988",2996
1792,"4","42","-70.47988",2997
1791,"3","42.92820","-70.47988",2992
1791,"2","42.92820","-70",2991
1791,"1","42","-70",2990
1791,"4","42","-70.47988",2993
1790,"2","""ls;""42.92820","-70",2987
1790,"3","""ls;""42.92820","-70.47988",2988
1790,"4","42","-70.47988",2989
1790,"1","42","-70",2986
1789,"1","42","-70",2982
1789,"3","42.92820"";ls","-70.47988",2984
1789,"4","42","-70.47988",2985
1789,"2","42.92820"";ls","-70",2983
1788,"3","42.92820;ls","-70.47988",2980
1788,"2","42.92820;ls","-70",2979
1788,"1","42","-70",2978
1788,"4","42","-70.47988",2981
1787,"1","42","-70",2974
1787,"3","42.92820","-70.47988",2976
1787,"4","42","-70.47988",2977
1787,"2","42.92820","-70",2975
1786,"1","42","-70",2970
1786,"4","42","-70.47988",2973
1786,"2","ls;42.92820","-70",2971
1786,"3","ls;42.92820","-70.47988",2972
1785,"1","42","-70",2966
1785,"3","42.92820;llss","-70.47988",2968
1785,"4","42","-70.47988",2969
1785,"2","42.92820;llss","-70",2967
1784,"3","42.92820;ls","-70.47988",2964
1784,"2","42.92820;ls","-70",2963
1784,"1","42","-70",2962
1784,"4","42","-70.47988",2965
1783,"1","42","-70",2958
1783,"2","18446744073709551617","-70",2959
1783,"3","18446744073709551617","-70.47988",2960
1783,"4","42","-70.47988",2961
1782,"1","42","-70",2954
1782,"4","42","-70.47988",2957
1782,"2","4294967297","-70",2955
1782,"3","4294967297","-70.47988",2956
1780,"1","42","-70",2949
1780,"3","99999999999999999999","-70.47988",2951
1780,"4","42","-70.47988",2952
1780,"2","99999999999999999999","-70",2950
1777,"3","42.92820""","-70.47988",2945
1777,"2","42.92820""","-70",2944
1777,"1","42","-70",2943
1777,"4","42","-70.47988",2946
1776,"1","42","-70",2939
1776,"2","42.92820%uFF07","-70",2940
1776,"4","42","-70.47988",2942
1776,"3","42.92820%uFF07","-70.47988",2941
1774,"1","42","-70",2934
1774,"4","42","-70.47988",2937
1774,"2","42.92820"";SELECT 1;","-70",2935
1774,"3","42.92820"";SELECT 1;","-70.47988",2936
1773,"1","42","-70",2930
1773,"3","42.92820WFXSSProbe","-70.47988",2932
1773,"4","42","-70.47988",2933
1773,"2","42.92820WFXSSProbe","-70",2931
1772,"3","ProbePhishing","-70.47988",2928
1772,"1","42","-70",2926
1772,"2","ProbePhishing","-70",2927
1772,"4","42","-70.47988",2929
1769,"1","","",2922
1769,"2","","",2923
1769,"3","","",2924
1769,"4","","",2925
1723,"3","42.92820","-70.47988",2920
1723,"2","42.92820","-70",2919
1723,"1","42","-70",2918
1723,"4","42","-70.47988",2921
1722,"4","42","-70.47988",2917
1722,"3","42.92820","-70.47988",2916
1722,"2","42.92820","-70",2915
1722,"1","42","-70",2914
1703,"1","42","-70",2910
1703,"2","42.92820","-70",2911
1703,"4","42","-70.47988",2913
1703,"3","42.92820","-70.47988",2912
1702,"3","42.92820","-70.47988",2908
1702,"2","42.92820","-70",2907
1702,"1","42","-70",2906
1702,"4","42","-70.47988",2909
1701,"4","42","-70.47988",2905
1701,"3","42.92820","-70.47988",2904
1701,"1","42","-70",2902
1701,"2","42.92820","-70",2903
1699,"3","42.92820","-70.47988",2900
1699,"2","42.92820","-70",2899
1699,"4","42","-70.47988",2901
1699,"1","42","-70",2898
1685,"4","42","-70.47988",2897
1685,"3","42.92820","-70.47988",2896
1685,"2","42.92820","-70",2895
1685,"1","42","-70",2894
1676,"3","42.92820","-70.47988",2892
1676,"2","42.92820","-70",2891
1676,"4","42","-70.47988",2893
1676,"1","42","-70",2890
1671,"1","42","-70",2886
1671,"2","42.92820","-70",2887
1671,"3","42.92820","-70.47988",2888
1671,"4","42","-70.47988",2889
1666,"4","42","-70.47988",2885
1666,"2","42.92820","-70",2883
1666,"3","42.92820","-70.47988",2884
1666,"1","42","-70",2882
1661,"3","42.92820","-70.47988",2880
1661,"4","42","-70.47988",2881
1661,"1","42","-70",2878
1661,"2","42.92820","-70",2879
1657,"4","42","-70.47988",2877
1657,"2","42.92820","-70",2875
1657,"3","42.92820","-70.47988",2876
1657,"1","42","-70",2874
1656,"1","42","-70",2870
1656,"2","42.92820","-70",2871
1656,"4","42","-70.47988",2873
1656,"3","42.92820","-70.47988",2872
1655,"1","42","-70",2866
1655,"2","42.92820","-70",2867
1655,"3","42.92820","-70.47988",2868
1655,"4","42","-70.47988",2869
1654,"4","42","-70.47988",2865
1654,"2","42.92820","-70",2863
1654,"3","42.92820","-70.47988",2864
1654,"1","42","-70",2862
1642,"2","","",2859
1642,"1","","",2858
1642,"4","","",2861
1642,"3","","",2860
1594,"3","42.92820","-70.47988",2856
1594,"2","42.92820","-70",2855
1594,"1","42","-70",2854
1594,"4","42","-70.47988",2857
1577,"3","42.92820","-70.47988",2852
1577,"4","42","-70.47988",2853
1577,"2","42.92820","-70",2851
1577,"1","42","-70",2850
1576,"2","42.92820","-70",2847
1576,"4","42","-70.47988",2849
1576,"3","42.92820","-70.47988",2848
1576,"1","42","-70",2846
1575,"4","42","-70.47988",2845
1575,"3","42.92820","-70.47988",2844
1575,"2","42.92820","-70",2843
1575,"1","42","-70",2842
1573,"4","42","-70.47988",2841
1573,"1","42","-70",2838
1573,"3","42.92820","-70.47988",2840
1573,"2","42.92820","-70",2839
1560,"4","42","-70.47988",2837
1560,"3","42.92820","-70.47988",2836
1560,"1","42","-70",2834
1560,"2","42.92820","-70",2835
1551,"3","42.92820","-70.47988",2832
1551,"2","42.92820","-70",2831
1551,"1","42","-70",2830
1551,"4","42","-70.47988",2833
1547,"4","42","-70.47988",2829
1547,"3","42.92820","-70.47988",2828
1547,"2","42.92820","-70",2827
1547,"1","42","-70",2826
1543,"1","42","-70",2822
1543,"2","42.92820","-70",2823
1543,"4","42","-70.47988",2825
1543,"3","42.92820","-70.47988",2824
1539,"3","42.92820","-70.47988",2820
1539,"2","42.92820","-70",2819
1539,"1","42","-70",2818
1539,"4","42","-70.47988",2821
1522,"4","","",2817
1522,"3","","",2816
1522,"1","","",2814
1522,"2","","",2815
1475,"4","42","-70.47988",2813
1475,"1","42","-70",2810
1475,"2","42.92820","-70",2811
1475,"3","42.92820","-70.47988",2812
1474,"3","42.92820","-70.47988",2808
1474,"2","42.92820","-70",2807
1474,"1","42","-70",2806
1474,"4","42","-70.47988",2809
1444,"3","42.92820","-70.47988",2804
1444,"4","42","-70.47988",2805
1444,"2","42.92820","-70",2803
1444,"1","42","-70",2802
1439,"4","42","-70.47988",2801
1439,"3","42.92820","-70.47988",2800
1439,"2","42.92820","-70",2799
1439,"1","42","-70",2798
1435,"1","42","-70",2794
1435,"2","42.92820","-70",2795
1435,"3","42.92820","-70.47988",2796
1435,"4","42","-70.47988",2797
1431,"2","42.92820","-70",2791
1431,"1","42","-70",2790
1431,"3","42.92820","-70.47988",2792
1431,"4","42","-70.47988",2793
1427,"4","42","-70.47988",2789
1427,"3","42.92820","-70.47988",2788
1427,"2","42.92820","-70",2787
1427,"1","42","-70",2786
1422,"4","42","-70.47988",2785
1422,"3","42.92820","-70.47988",2784
1422,"1","42","-70",2782
1422,"2","42.92820","-70",2783
1409,"3","","",2780
1409,"2","","",2779
1409,"1","","",2778
1409,"4","","",2781
1365,"3","42.92820","-70.47988",2776
1365,"2","42.92820","-70",2775
1365,"1","42","-70",2774
1365,"4","42","-70.47988",2777
1345,"4","42","-70.47988",2773
1345,"3","42.92820","-70.47988",2772
1345,"2","42.92820","-70",2771
1345,"1","42","-70",2770
1344,"1","42","-70",2766
1344,"2","42.92820","-70",2767
1344,"3","42.92820","-70.47988",2768
1344,"4","42","-70.47988",2769
1342,"2","42.92820","-70",2763
1342,"1","42","-70",2762
1342,"3","42.92820","-70.47988",2764
1342,"4","42","-70.47988",2765
1327,"2","42.92820","-70",2759
1327,"3","42.92820","-70.47988",2760
1327,"4","42","-70.47988",2761
1327,"1","42","-70",2758
1323,"3","42.92820","-70.47988",2756
1323,"2","42.92820","-70",2755
1323,"1","42","-70",2754
1323,"4","42","-70.47988",2757
1319,"3","42.92820","-70.47988",2752
1319,"2","42.92820","-70",2751
1319,"1","42","-70",2750
1319,"4","42","-70.47988",2753
1314,"3","42.92820","-70.47988",2748
1314,"2","42.92820","-70",2747
1314,"1","42","-70",2746
1314,"4","42","-70.47988",2749
1309,"3","42.92820","-70.47988",2744
1309,"2","42.92820","-70",2743
1309,"1","42","-70",2742
1309,"4","42","-70.47988",2745
1304,"1","42","-70",2738
1304,"2","42.92820","-70",2739
1304,"3","42.92820","-70.47988",2740
1304,"4","42","-70.47988",2741
1285,"1","","",2734
1285,"2","","",2735
1285,"3","","",2736
1285,"4","","",2737
1243,"1","42","-70",2730
1243,"2","42.92820","-70",2731
1243,"3","42.92820","-70.47988",2732
1243,"4","42","-70.47988",2733
1215,"3","42.92820","-70.47988",2728
1215,"4","42","-70.47988",2729
1215,"2","42.92820","-70",2727
1215,"1","42","-70",2726
1206,"1","42","-70",2722
1206,"2","42.92820","-70",2723
1206,"3","42.92820","-70.47988",2724
1206,"4","42","-70.47988",2725
1202,"4","42","-70.47988",2721
1202,"3","42.92820","-70.47988",2720
1202,"2","42.92820","-70",2719
1202,"1","42","-70",2718
1198,"1","42","-70",2714
1198,"4","42","-70.47988",2717
1198,"3","42.92820","-70.47988",2716
1198,"2","42.92820","-70",2715
1179,"1","42","-70",2710
1179,"4","42","-70.47988",2713
1179,"3","42.92820","-70.47988",2712
1179,"2","42.92820","-70",2711
1177,"1","","",2706
1177,"4","","",2709
1177,"3","","",2708
1177,"2","","",2707
1176,"1","42","-70",2702
1176,"4","42","-70.47988",2705
1176,"3","42.92820","-70.47988",2704
1176,"2","42.92820","-70",2703
1172,"1","42","-70",2698
1172,"4","42","-70.47988",2701
1172,"3","42.92820","-70.47988",2700
1172,"2","42.92820","-70",2699
1171,"1","42","-70",2694
1171,"4","42","-70.47988",2697
1171,"3","42.92820","-70.47988",2696
1171,"2","42.92820","-70",2695
1165,"1","42","-70",2690
1165,"4","42","-70.47988",2693
1165,"3","42.92820","-70.47988",2692
1165,"2","42.92820","-70",2691
1164,"1","42","-70",2686
1164,"4","42","-70.47988",2689
1164,"3","42.92820","-70.47988",2688
1164,"2","42.92820","-70",2687
1163,"1","42","-70",2682
1163,"4","42","-70.47988",2685
1163,"3","42.92820","-70.47988",2684
1163,"2","42.92820","-70",2683
1161,"1","42","-70",2678
1161,"4","42","-70.47988",2681
1161,"3","42.92820","-70.47988",2680
1161,"2","42.92820","-70",2679
1160,"1","42","-70",2674
1160,"4","42","-70.47988",2677
1160,"3","42.92820","-70.47988",2676
1160,"2","42.92820","-70",2675
1159,"1","42","-70",2670
1159,"4","42","-70.47988",2673
1159,"3","42.92820","-70.47988",2672
1159,"2","42.92820","-70",2671
1158,"1","42","-70",2666
1158,"4","42","-70.47988",2669
1158,"3","42.92820","-70.47988",2668
1158,"2","42.92820","-70",2667
1157,"1","42","-70",2662
1157,"4","42","-70.47988",2665
1157,"3","42.92820","-70.47988",2664
1157,"2","42.92820","-70",2663
1156,"1","42","-70",2658
1156,"4","42","-70.47988",2661
1156,"3","42.92820","-70.47988",2660
1156,"2","42.92820","-70",2659
1153,"2","42.92820","-70",2655
1153,"1","42","-70",2654
1153,"4","42","-70.47988",2657
1153,"3","42.92820","-70.47988",2656
1149,"1","42","-70",2650
1149,"4","42","-70.47988",2653
1149,"3","42.92820","-70.47988",2652
1149,"2","42.92820","-70",2651
1148,"1","42","-70",2646
1148,"4","42","-70.47988",2649
1148,"3","42.92820","-70.47988",2648
1148,"2","42.92820","-70",2647
1147,"1","42","-70",2642
1147,"4","42","-70.47988",2645
1147,"3","42.92820","-70.47988",2644
1147,"2","42.92820","-70",2643
1146,"1","42","-70",2638
1146,"4","42","-70.47988",2641
1146,"3","42.92820","-70.47988",2640
1146,"2","42.92820","-70",2639
1134,"1","42","-70",2634
1134,"4","42","-70.47988",2637
1134,"3","42.92820","-70.47988",2636
1134,"2","42.92820","-70",2635
1133,"1","42","-70",2630
1133,"4","42","-70.47988",2633
1133,"3","42.92820","-70.47988",2632
1133,"2","42.92820","-70",2631
1132,"1","42","-70",2626
1132,"4","42","-70.47988",2629
1132,"3","42.92820","-70.47988",2628
1132,"2","42.92820","-70",2627
1131,"1","42","-70",2622
1131,"4","42","-70.47988",2625
1131,"3","42.92820","-70.47988",2624
1131,"2","42.92820","-70",2623
1130,"1","42","-70",2618
1130,"4","42","-70.47988",2621
1130,"3","42.92820","-70.47988",2620
1130,"2","42.92820","-70",2619
1129,"1","42","-70",2614
1129,"4","42","-70.47988",2617
1129,"3","42.92820","-70.47988",2616
1129,"2","42.92820","-70",2615
1128,"1","42","-70",2610
1128,"4","42","-70.47988",2613
1128,"3","42.92820","-70.47988",2612
1128,"2","42.92820","-70",2611
1127,"1","42","-70",2606
1127,"4","42","-70.47988",2609
1127,"3","42.92820","-70.47988",2608
1127,"2","42.92820","-70",2607
1126,"1","42","-70",2602
1126,"4","42","-70.47988",2605
1126,"3","42.92820","-70.47988",2604
1126,"2","42.92820","-70",2603
1125,"1","42","-70",2598
1125,"4","42","-70.47988",2601
1125,"3","42.92820","-70.47988",2600
1125,"2","42.92820","-70",2599
1123,"1","42","-70",2594
1123,"4","42","-70.47988",2597
1123,"3","42.92820","-70.47988",2596
1123,"2","42.92820","-70",2595
1122,"1","42","-70",2590
1122,"4","42","-70.47988",2593
1122,"3","42.92820","-70.47988",2592
1122,"2","42.92820","-70",2591
1120,"1","42","-70",2586
1120,"4","42","-70.47988",2589
1120,"3","42.92820","-70.47988",2588
1120,"2","42.92820","-70",2587
1119,"1","42","-70",2582
1119,"4","42","-70.47988",2585
1119,"3","42.92820","-70.47988",2584
1119,"2","42.92820","-70",2583
1118,"1","42","-70",2578
1118,"2","42.92820","-70",2579
1118,"3","42.92820","-70.47988",2580
1118,"4","42","-70.47988",2581
1116,"3","42.92820","-70.47988",2576
1116,"2","42.92820","-70",2575
1116,"1","42","-70",2574
1116,"4","42","-70.47988",2577
1115,"1","42","-70",2570
1115,"2","42.92820","-70",2571
1115,"4","42","-70.47988",2573
1115,"3","42.92820","-70.47988",2572
1114,"3","42.92820","-70.47988",2568
1114,"1","42","-70",2566
1114,"2","42.92820","-70",2567
1114,"4","42","-70.47988",2569
1112,"3","42.92820","-70.47988",2564
1112,"4","42","-70.47988",2565
1112,"2","42.92820","-70",2563
1112,"1","42","-70",2562
1111,"3","42.92820","-70.47988",2560
1111,"2","42.92820","-70",2559
1111,"1","42","-70",2558
1111,"4","42","-70.47988",2561
1110,"3","42.92820","-70.47988",2556
1110,"4","42","-70.47988",2557
1110,"2","42.92820","-70",2555
1110,"1","42","-70",2554
1109,"3","42.92820","-70.47988",2552
1109,"2","42.92820","-70",2551
1109,"1","42","-70",2550
1109,"4","42","-70.47988",2553
1108,"3","42.92820","-70.47988",2548
1108,"4","42","-70.47988",2549
1108,"2","42.92820","-70",2547
1108,"1","42","-70",2546
1107,"3","42.92820","-70.47988",2544
1107,"2","42.92820","-70",2543
1107,"1","42","-70",2542
1107,"4","42","-70.47988",2545
1106,"1","42","-70",2538
1106,"2","42.92820","-70",2539
1106,"3","42.92820","-70.47988",2540
1106,"4","42","-70.47988",2541
1105,"4","42","-70.47988",2537
1105,"3","42.92820","-70.47988",2536
1105,"1","42","-70",2534
1105,"2","42.92820","-70",2535
1104,"4","42","-70.47988",2533
1104,"3","42.92820","-70.47988",2532
1104,"2","42.92820","-70",2531
1104,"1","42","-70",2530
1103,"4","42","-70.47988",2529
1103,"3","42.92820","-70.47988",2528
1103,"1","42","-70",2526
1103,"2","42.92820","-70",2527
1102,"4","42","-70.47988",2525
1102,"3","42.92820","-70.47988",2524
1102,"2","42.92820","-70",2523
1102,"1","42","-70",2522
1101,"4","42","-70.47988",2521
1101,"3","42.92820","-70.47988",2520
1101,"1","42","-70",2518
1101,"2","42.92820","-70",2519
1100,"4","42","-70.47988",2517
1100,"3","42.92820","-70.47988",2516
1100,"2","42.92820","-70",2515
1100,"1","42","-70",2514
1099,"1","42","-70",2510
1099,"4","42","-70.47988",2513
1099,"3","42.92820","-70.47988",2512
1099,"2","42.92820","-70",2511
1098,"1","42","-70",2506
1098,"4","42","-70.47988",2509
1098,"3","42.92820","-70.47988",2508
1098,"2","42.92820","-70",2507
1097,"1","42","-70",2502
1097,"4","42","-70.47988",2505
1097,"3","42.92820","-70.47988",2504
1097,"2","42.92820","-70",2503
1096,"1","42","-70",2498
1096,"4","42","-70.47988",2501
1096,"3","42.92820","-70.47988",2500
1096,"2","42.92820","-70",2499
1095,"1","42","-70",2494
1095,"4","42","-70.47988",2497
1095,"3","42.92820","-70.47988",2496
1095,"2","42.92820","-70",2495
1094,"1","42","-70",2490
1094,"4","42","-70.47988",2493
1094,"3","42.92820","-70.47988",2492
1094,"2","42.92820","-70",2491
1093,"1","42","-70",2486
1093,"4","42","-70.47988",2489
1093,"3","42.92820","-70.47988",2488
1093,"2","42.92820","-70",2487
1092,"2","42.92820","-70",2483
1092,"1","42","-70",2482
1092,"4","42","-70.47988",2485
1092,"3","42.92820","-70.47988",2484
1091,"1","42","-70",2478
1091,"4","42","-70.47988",2481
1091,"3","42.92820","-70.47988",2480
1091,"2","42.92820","-70",2479
1090,"1","42","-70",2474
1090,"4","42","-70.47988",2477
1090,"3","42.92820","-70.47988",2476
1090,"2","42.92820","-70",2475
1089,"1","42","-70",2470
1089,"4","42","-70.47988",2473
1089,"3","42.92820","-70.47988",2472
1089,"2","42.92820","-70",2471
1088,"1","42","-70",2466
1088,"4","42","-70.47988",2469
1088,"3","42.92820","-70.47988",2468
1088,"2","42.92820","-70",2467
1087,"1","42","-70",2462
1087,"4","42","-70.47988",2465
1087,"3","42.92820","-70.47988",2464
1087,"2","42.92820","-70",2463
1086,"1","42","-70",2458
1086,"4","42","-70.47988",2461
1086,"3","42.92820","-70.47988",2460
1086,"2","42.92820","-70",2459
1085,"1","42","-70",2454
1085,"4","42","-70.47988",2457
1085,"3","42.92820","-70.47988",2456
1085,"2","42.92820","-70",2455
1084,"1","42","-70",2450
1084,"4","42","-70.47988",2453
1084,"3","42.92820","-70.47988",2452
1084,"2","42.92820","-70",2451
1083,"1","42","-70",2446
1083,"4","42","-70.47988",2449
1083,"3","42.92820","-70.47988",2448
1083,"2","42.92820","-70",2447
1082,"1","42","-70",2442
1082,"4","42","-70.47988",2445
1082,"3","42.92820","-70.47988",2444
1082,"2","42.92820","-70",2443
1081,"1","42","-70",2438
1081,"4","42","-70.47988",2441
1081,"3","42.92820","-70.47988",2440
1081,"2","42.92820","-70",2439
1080,"1","42","-70",2434
1080,"4","42","-70.47988",2437
1080,"3","42.92820","-70.47988",2436
1080,"2","42.92820","-70",2435
1079,"1","42","-70",2430
1079,"4","42","-70.47988",2433
1079,"3","42.92820","-70.47988",2432
1079,"2","42.92820","-70",2431
1078,"1","42","-70",2426
1078,"4","42","-70.47988",2429
1078,"3","42.92820","-70.47988",2428
1078,"2","42.92820","-70",2427
1077,"1","42","-70",2422
1077,"4","42","-70.47988",2425
1077,"3","42.92820","-70.47988",2424
1077,"2","42.92820","-70",2423
1076,"1","42","-70",2418
1076,"4","42","-70.47988",2421
1076,"3","42.92820","-70.47988",2420
1076,"2","42.92820","-70",2419
1075,"1","42","-70",2414
1075,"4","42","-70.47988",2417
1075,"3","42.92820","-70.47988",2416
1075,"2","42.92820","-70",2415
1074,"1","42","-70",2410
1074,"4","42","-70.47988",2413
1074,"3","42.92820","-70.47988",2412
1074,"2","42.92820","-70",2411
1073,"4","42","-70.47988",2409
1073,"3","42.92820","-70.47988",2408
1073,"2","42.92820","-70",2407
1073,"1","42","-70",2406
1072,"1","42","-70",2402
1072,"4","42","-70.47988",2405
1072,"3","42.92820","-70.47988",2404
1072,"2","42.92820","-70",2403
1071,"1","42","-70",2398
1071,"4","42","-70.47988",2401
1071,"3","42.92820","-70.47988",2400
1071,"2","42.92820","-70",2399
1070,"1","42","-70",2394
1070,"4","42","-70.47988",2397
1070,"3","42.92820","-70.47988",2396
1070,"2","42.92820","-70",2395
1069,"1","42","-70",2390
1069,"4","42","-70.47988",2393
1069,"3","42.92820","-70.47988",2392
1069,"2","42.92820","-70",2391
1068,"1","42","-70",2386
1068,"4","42","-70.47988",2389
1068,"3","42.92820","-70.47988",2388
1068,"2","42.92820","-70",2387
1067,"1","42","-70",2382
1067,"4","42","-70.47988",2385
1067,"3","42.92820","-70.47988",2384
1067,"2","42.92820","-70",2383
1066,"1","42","-70",2378
1066,"4","42","-70.47988",2381
1066,"3","42.92820","-70.47988",2380
1066,"2","42.92820","-70",2379
1065,"1","42","-70",2374
1065,"4","42","-70.47988",2377
1065,"3","42.92820","-70.47988",2376
1065,"2","42.92820","-70",2375
1064,"1","42","-70",2370
1064,"4","42","-70.47988",2373
1064,"3","42.92820","-70.47988",2372
1064,"2","42.92820","-70",2371
1063,"1","42","-70",2366
1063,"4","42","-70.47988",2369
1063,"3","42.92820","-70.47988",2368
1063,"2","42.92820","-70",2367
1062,"1","42","-70",2362
1062,"4","42","-70.47988",2365
1062,"3","42.92820","-70.47988",2364
1062,"2","42.92820","-70",2363
1061,"1","42","-70",2358
1061,"4","42","-70.47988",2361
1061,"3","42.92820","-70.47988",2360
1061,"2","42.92820","-70",2359
1060,"1","42","-70",2354
1060,"4","42","-70.47988",2357
1060,"3","42.92820","-70.47988",2356
1060,"2","42.92820","-70",2355
1059,"1","42","-70",2350
1059,"4","42","-70.47988",2353
1059,"3","42.92820","-70.47988",2352
1059,"2","42.92820","-70",2351
1058,"1","42","-70",2346
1058,"4","42","-70.47988",2349
1058,"3","42.92820","-70.47988",2348
1058,"2","42.92820","-70",2347
1057,"1","42","-70",2342
1057,"4","42","-70.47988",2345
1057,"3","42.92820","-70.47988",2344
1057,"2","42.92820","-70",2343
1056,"1","42","-70",2338
1056,"4","42","-70.47988",2341
1056,"3","42.92820","-70.47988",2340
1056,"2","42.92820","-70",2339
1055,"1","42","-70",2334
1055,"4","42","-70.47988",2337
1055,"3","42.92820","-70.47988",2336
1055,"2","42.92820","-70",2335
1054,"1","42","-70",2330
1054,"4","42","-70.47988",2333
1054,"3","42.92820","-70.47988",2332
1054,"2","42.92820","-70",2331
1053,"1","42","-70",2326
1053,"4","42","-70.47988",2329
1053,"3","42.92820","-70.47988",2328
1053,"2","42.92820","-70",2327
1052,"1","42","-70",2322
1052,"4","42","-70.47988",2325
1052,"3","42.92820","-70.47988",2324
1052,"2","42.92820","-70",2323
1051,"1","42","-70",2318
1051,"4","42","-70.47988",2321
1051,"3","42.92820","-70.47988",2320
1051,"2","42.92820","-70",2319
1050,"1","42","-70",2314
1050,"4","42","-70.47988",2317
1050,"3","42.92820","-70.47988",2316
1050,"2","42.92820","-70",2315
1049,"1","42","-70",2310
1049,"4","42","-70.47988",2313
1049,"3","42.92820","-70.47988",2312
1049,"2","42.92820","-70",2311
1048,"1","42","-70",2306
1048,"4","42","-70.47988",2309
1048,"3","42.92820","-70.47988",2308
1048,"2","42.92820","-70",2307
1047,"1","42","-70",2302
1047,"2","42.92820","-70",2303
1047,"3","42.92820","-70.47988",2304
1047,"4","42","-70.47988",2305
1046,"1","42","-70",2298
1046,"4","42","-70.47988",2301
1046,"3","42.92820","-70.47988",2300
1046,"2","42.92820","-70",2299
1045,"1","42","-70",2294
1045,"4","42","-70.47988",2297
1045,"3","42.92820","-70.47988",2296
1045,"2","42.92820","-70",2295
1044,"1","42","-70",2290
1044,"4","42","-70.47988",2293
1044,"3","42.92820","-70.47988",2292
1044,"2","42.92820","-70",2291
1043,"1","42","-70",2286
1043,"4","42","-70.47988",2289
1043,"3","42.92820","-70.47988",2288
1043,"2","42.92820","-70",2287
1042,"1","42","-70",2282
1042,"4","42","-70.47988",2285
1042,"3","42.92820","-70.47988",2284
1042,"2","42.92820","-70",2283
1041,"1","","",2278
1041,"4","","",2281
1041,"3","","",2280
1041,"2","","",2279
1040,"1","","",2274
1040,"4","","",2277
1040,"3","","",2276
1040,"2","","",2275
1039,"1","","",2270
1039,"4","","",2273
1039,"3","","",2272
1039,"2","","",2271
1038,"1","","",2266
1038,"4","","",2269
1038,"3","","",2268
1038,"2","","",2267
1037,"1","","",2262
1037,"4","","",2265
1037,"3","","",2264
1037,"2","","",2263
1036,"1","","",2258
1036,"4","","",2261
1036,"3","","",2260
1036,"2","","",2259
1035,"1","","",2254
1035,"4","","",2257
1035,"3","","",2256
1035,"2","","",2255
1034,"1","","",2250
1034,"4","","",2253
1034,"3","","",2252
1034,"2","","",2251
1033,"1","","",2246
1033,"4","","",2249
1033,"3","","",2248
1033,"2","","",2247
1032,"1","","",2242
1032,"4","","",2245
1032,"3","","",2244
1032,"2","","",2243
1031,"1","","",2238
1031,"4","","",2241
1031,"3","","",2240
1031,"2","","",2239
1030,"1","","",2234
1030,"4","","",2237
1030,"3","","",2236
1030,"2","","",2235
1029,"1","","",2230
1029,"4","","",2233
1029,"3","","",2232
1029,"2","","",2231
1028,"1","","",2226
1028,"4","","",2229
1028,"3","","",2228
1028,"2","","",2227
1027,"1","","",2222
1027,"4","","",2225
1027,"3","","",2224
1027,"2","","",2223
1026,"1","","",2218
1026,"4","","",2221
1026,"3","","",2220
1026,"2","","",2219
1025,"1","","",2214
1025,"4","","",2217
1025,"3","","",2216
1025,"2","","",2215
1024,"1","42","-70",2210
1024,"4","42","-70.47988",2213
1024,"3","42.92820","-70.47988",2212
1024,"2","42.92820","-70",2211
1023,"1","42","-70",2206
1023,"4","42","-70.47988",2209
1023,"3","42.92820","-70.47988",2208
1023,"2","42.92820","-70",2207
1022,"1","42","-70",2202
1022,"4","42","-70.47988",2205
1022,"3","42.92820","-70.47988",2204
1022,"2","42.92820","-70",2203
1021,"1","","",2198
1021,"4","","",2201
1021,"3","","",2200
1021,"2","","",2199
1020,"1","","",2194
1020,"4","","",2197
1020,"3","","",2196
1020,"2","","",2195
1019,"1","","",2190
1019,"4","","",2193
1019,"3","","",2192
1019,"2","","",2191
1018,"1","","",2186
1018,"4","","",2189
1018,"3","","",2188
1018,"2","","",2187
1017,"1","","",2182
1017,"4","","",2185
1017,"3","","",2184
1017,"2","","",2183
1016,"1","","",2178
1016,"4","","",2181
1016,"3","","",2180
1016,"2","","",2179
1015,"1","","",2174
1015,"4","","",2177
1015,"3","","",2176
1015,"2","","",2175
1014,"1","","",2170
1014,"4","","",2173
1014,"3","","",2172
1014,"2","","",2171
1013,"1","","",2166
1013,"4","","",2169
1013,"3","","",2168
1013,"2","","",2167
1012,"1","","",2162
1012,"4","","",2165
1012,"3","","",2164
1012,"2","","",2163
1011,"1","","",2158
1011,"4","","",2161
1011,"3","","",2160
1011,"2","","",2159
1010,"1","","",2154
1010,"4","","",2157
1010,"3","","",2156
1010,"2","","",2155
1009,"1","42","-70",2150
1009,"4","42","-70.47988",2153
1009,"3","42.92820","-70.47988",2152
1009,"2","42.92820","-70",2151
1008,"1","","",2146
1008,"4","","",2149
1008,"3","","",2148
1008,"2","","",2147
1007,"1","42","-70",2142
1007,"4","42","-70.47988",2145
1007,"3","42.92820","-70.47988",2144
1007,"2","42.92820","-70",2143
1006,"1","42","-70",2138
1006,"4","42","-70.47988",2141
1006,"3","42.92820","-70.47988",2140
1006,"2","42.92820","-70",2139
1005,"1","","",2134
1005,"4","","",2137
1005,"3","","",2136
1005,"2","","",2135
1004,"1","","",2130
1004,"4","","",2133
1004,"3","","",2132
1004,"2","","",2131
1003,"1","","",2126
1003,"4","","",2129
1003,"3","","",2128
1003,"2","","",2127
1002,"1","","",2122
1002,"4","","",2125
1002,"3","","",2124
1002,"2","","",2123
1001,"1","","",2118
1001,"4","","",2121
1001,"3","","",2120
1001,"2","","",2119
1000,"1","","",2114
1000,"4","","",2117
1000,"3","","",2116
1000,"2","","",2115
999,"1","","",2110
999,"4","","",2113
999,"3","","",2112
999,"2","","",2111
998,"1","","",2106
998,"4","","",2109
998,"3","","",2108
998,"2","","",2107
997,"1","","",2102
997,"4","","",2105
997,"3","","",2104
997,"2","","",2103
996,"1","","",2098
996,"4","","",2101
996,"3","","",2100
996,"2","","",2099
995,"1","","",2094
995,"4","","",2097
995,"3","","",2096
995,"2","","",2095
994,"1","","",2090
994,"4","","",2093
994,"3","","",2092
994,"2","","",2091
993,"1","","",2086
993,"4","","",2089
993,"3","","",2088
993,"2","","",2087
992,"1","","",2082
992,"4","","",2085
992,"3","","",2084
992,"2","","",2083
991,"1","","",2078
991,"4","","",2081
991,"3","","",2080
991,"2","","",2079
990,"1","","",2074
990,"4","","",2077
990,"3","","",2076
990,"2","","",2075
989,"1","","",2070
989,"4","","",2073
989,"3","","",2072
989,"2","","",2071
988,"1","","",2066
988,"4","","",2069
988,"3","","",2068
988,"2","","",2067
987,"1","","",2062
987,"4","","",2065
987,"3","","",2064
987,"2","","",2063
986,"1","","",2058
986,"4","","",2061
986,"3","","",2060
986,"2","","",2059
985,"1","","",2054
985,"4","","",2057
985,"3","","",2056
985,"2","","",2055
984,"1","","",2050
984,"4","","",2053
984,"3","","",2052
984,"2","","",2051
983,"1","","",2046
983,"4","","",2049
983,"3","","",2048
983,"2","","",2047
982,"1","","",2042
982,"4","","",2045
982,"3","","",2044
982,"2","","",2043
981,"1","","",2038
981,"4","","",2041
981,"3","","",2040
981,"2","","",2039
980,"1","","",2034
980,"4","","",2037
980,"3","","",2036
980,"2","","",2035
979,"1","","",2030
979,"4","","",2033
979,"3","","",2032
979,"2","","",2031
978,"1","","",2026
978,"4","","",2029
978,"3","","",2028
978,"2","","",2027
977,"1","","",2022
977,"4","","",2025
977,"3","","",2024
977,"2","","",2023
976,"1","","",2018
976,"4","","",2021
976,"3","","",2020
976,"2","","",2019
975,"1","","",2014
975,"2","","",2015
975,"3","","",2016
975,"4","","",2017
974,"1","","",2010
974,"4","","",2013
974,"2","","",2011
974,"3","","",2012
973,"4","","",2009
973,"3","","",2008
973,"2","","",2007
973,"1","","",2006
972,"1","","",2002
972,"3","","",2004
972,"4","","",2005
972,"2","","",2003
971,"3","","",2000
971,"2","","",1999
971,"1","","",1998
971,"4","","",2001
970,"4","","",1997
970,"3","","",1996
970,"2","","",1995
970,"1","","",1994
969,"1","42","-70",1990
969,"2","42.92820","-70",1991
969,"4","42","-70.47988",1993
969,"3","42.92820","-70.47988",1992
951,"1","42.81","-71.35",1986
951,"4","42.81","-71.35",1989
951,"2","42.81","-71.35",1987
951,"3","42.81","-71.35",1988
950,"4","42","-70.47988",1985
950,"3","42.92820","-70.47988",1984
950,"2","42.92820","-70",1983
950,"1","42","-70",1982
949,"1","","",1978
949,"3","","",1980
949,"4","","",1981
949,"2","","",1979
929,"3","40.5372","-72.7716",1960
929,"2","40.5372","-71.8160",1959
929,"1","39.8528","-71.8160",1958
929,"4","39.8528","-72.7716",1961
909,"4","40.633","-71.783",1941
909,"3","41.4","-71.783",1940
909,"1","40.633","-70.783",1938
909,"2","41.4","-70.783",1939
889,"2","41.317","-69.867",1919
889,"4","40.583","-70.85",1921
889,"3","41.317","-70.85",1920
889,"1","40.583","-69.867",1918
869,"3","41.317","-70.85",1900
869,"2","41.317","-69.867",1899
869,"1","40.583","-69.867",1898
869,"4","40.583","-70.85",1901
849,"4","42.050","-71.217",1881
849,"1","42.050","-70.3",1878
849,"2","42.683","-70.3",1879
849,"3","42.683","-71.217",1880
829,"4","40.5571","-70.7787",1861
829,"3","41.2415","-70.7787",1860
829,"1","40.5571","-69.8733",1858
829,"2","41.2415","-69.8733",1859
809,"3","41.433","-71.083",1840
809,"2","41.433","-70.150",1839
809,"1","40.717","-70.150",1838
809,"4","40.717","-71.083",1841
789,"1","40.717","-70.150",1818
789,"2","41.433","-70.150",1819
789,"3","41.433","-71.083",1820
789,"4","40.717","-71.083",1821
769,"1","40.083","-69.067",1798
769,"2","40.817","-69.067",1799
769,"3","40.817","-70.033",1800
769,"4","40.083","-70.033",1801
749,"3","43.23702557","-70.82721059",1420
749,"4","42.55261443","-70.82721059",1421
749,"2","43.23702557","-69.7233666",1419
749,"1","42.55261443","-69.7233666",1418
729,"1","38.69907774","-72.99997399",1398
729,"2","39.40525566","-72.99997399",1399
729,"3","39.40525566","-73.90932601",1400
729,"4","38.69907774","-73.90932601",1401
709,"4","42.183","-70.95",1381
709,"3","42.833","-70.95",1380
709,"2","42.833","-70.067",1379
709,"1","42.183","-70.067",1378
689,"1","42.18333","-70.0667",1358
689,"2","42.8333","-70.0667",1359
689,"3","42.8333","-70.95",1360
689,"4","42.18333","-70.95",1361
668,"2","42.62985236","-70.35736457",1355
668,"4","41.97014764","-71.2493021",1357
668,"3","42.62985236","-71.2493021",1356
668,"1","41.97014764","-70.35736457",1354
667,"1","41.967","-70.35",1350
667,"2","42.633","-70.35",1351
667,"3","42.633","-71.25",1352
667,"4","41.967","-71.25",1353
666,"2","42.55","-70.467",1347
666,"1","42.05","-70.467",1346
666,"3","42.55","-71.133",1348
666,"4","42.05","-71.133",1349
646,"4","40.767","-69.683",1329
646,"2","41.417","-68.800",1327
646,"3","41.417","-69.683",1328
646,"1","40.767","-68.800",1326
626,"1","41.017","-69.567",1322
626,"2","41.75","-69.567",1323
626,"4","41.017","-68.65",1325
626,"3","41.75","-68.65",1324
606,"3","43.05","-69.567",1320
606,"1","42.4","-68.667",1318
606,"2","43.05","-68.667",1319
606,"4","42.4","-69.567",1321
586,"1","42.150","-67.933",1314
586,"2","42.883","-67.933",1315
586,"3","42.883","-68.917",1316
586,"4","42.150","-68.917",1317
585,"4","40.733","-70.783",1313
585,"3","41.433","-70.783",1312
585,"1","40.733","-69.850",1310
585,"2","41.433","-69.850",1311
565,"3","41.617","-71.65",1308
565,"1","40.933","-70.733",1306
565,"2","41.617","-70.733",1307
565,"4","40.933","-71.65",1309
564,"1","40.7","-70.45",1302
564,"2","41.583","-70.45",1303
564,"3","41.583","-71.35",1304
564,"4","40.7","-71.35",1305
563,"4","40.450","-73.050",1301
563,"1","40.450","-72.133",1298
563,"2","41.133","-72.133",1299
563,"3","41.133","-73.050",1300
543,"3","41.4","-71.217",1296
543,"2","41.4","-70.183",1295
543,"1","40.683","-70.183",1294
543,"4","40.683","-71.217",1297
522,"4","40.717","-70.850",1277
522,"3","41.483","-70.850",1276
522,"2","41.483","-69.867",1275
522,"1","40.717","-69.867",1274
521,"1","40.467","-69.467",1270
521,"2","41.2","-69.467",1271
521,"3","41.2","-70.417",1272
521,"4","40.467","-70.417",1273
520,"4","37.983","-74.883",1269
520,"3","38.750","-74.883",1268
520,"1","37.983","-74.000",1266
520,"2","38.750","-74.000",1267
519,"3","41.583","-70.767",1264
519,"2","41.583","-69.933",1263
519,"1","40.933","-69.933",1262
519,"4","40.933","-70.767",1265
518,"4","41.433","-70.717",1261
518,"3","42.183","-70.717",1260
518,"2","42.183","-69.767",1259
518,"1","41.433","-69.767",1258
498,"3","41.583","-69.933",1240
498,"2","41.583","-70.767",1239
498,"1","40.933","-70.767",1238
498,"4","40.933","-69.933",1241
497,"1","42.517","-70.233",1234
497,"4","42.517","-71.200",1237
497,"3","43.217","-71.200",1236
497,"2","43.217","-70.233",1235
496,"4","43.333","-69.067",1233
496,"2","43.983","-68.167",1231
496,"1","43.333","-68.167",1230
496,"3","43.983","-69.067",1232
476,"2","41.917","-69.350",1227
476,"3","41.917","-70.350",1228
476,"4","41.183","-70.350",1229
476,"1","41.183","-69.350",1226
456,"2","41.200","-69.750",1223
456,"3","41.200","-70.683",1224
456,"4","40.483","-70.683",1225
456,"1","40.483","-69.750",1222
436,"4","40.833","-70.833",1205
436,"3","41.633","-70.833",1204
436,"1","40.833","-69.767",1202
436,"2","41.633","-69.767",1203
417,"3","41.2167","-70.6",1164
417,"4","40.55","-70.6",1165
417,"1","40.55","-69.733",1162
417,"2","41.2167","-69.733",1163
416,"1","32.02683333","-80.26666667",1157
416,"3","31.36666667","-80.86",1159
416,"4","31.45","-80.86",1160
416,"5","31.83333333","-80.55333333",1161
416,"2","31.36666667","-80.26666667",1158
415,"3","41.067","-70.433",1155
415,"2","41.067","-69.55",1154
415,"1","40.4","-69.55",1153
415,"4","40.4","-70.433",1156
396,"2","41.067","-68.75",1150
396,"1","40.4","-68.75",1149
396,"4","40.4","-69.633",1152
396,"3","41.067","-69.633",1151
357,"3","29.31667","-80.81667",1145
357,"6","30.0","-81.31667",1148
357,"1","30.0","-81.31667",1143
357,"5","29.67833","-81.222",1147
357,"2","30.0","-80.81667",1144
357,"4","29.31667","-81.04833",1146
356,"2","42.31666667","-69.7",1120
356,"4","41.53333333","-70.66666667",1122
356,"1","41.53333333","-69.7",1119
356,"3","42.31666667","-70.66666667",1121
355,"4","39.650","-71.767",1102
355,"3","40.300","-71.767",1101
355,"2","40.300","-70.900",1100
355,"1","39.650","-70.900",1099
335,"4","41.167","-70.933",1082
335,"3","41.833","-70.933",1081
335,"2","41.833","-70.067",1080
335,"1","41.167","-70.067",1079
315,"3","40.333","-71.017",1077
315,"4","39.7","-71.017",1078
315,"2","40.333","-70.2",1076
315,"1","39.7","-70.2",1075
314,"3","42.383","-70.450",1073
314,"2","42.383","-69.533",1072
314,"1","41.700","-69.533",1071
314,"4","41.700","-70.450",1074
313,"4","42.400","-70.767",1070
313,"3","43.067","-70.767",1069
313,"1","42.400","-69.883",1067
313,"2","43.067","-69.883",1068
293,"3","41.733","-70.5",1049
293,"4","41.033","-70.5",1050
293,"2","41.733","-69.6",1048
293,"1","41.033","-69.6",1047
274,"3","41.6","-70.8837",1033
274,"2","41.6","-69.917",1032
274,"1","40.883","-69.917",1031
274,"4","40.883","-70.8837",1034
273,"3","31.5","-80.82",1029
273,"2","31.5","-80.13333333",1028
273,"1","32.11666667","-80.13333333",1027
273,"4","31.83333333","-80.55333333",1030
272,"1","40.88","-69.92",1023
272,"2","41.60","-69.92",1024
272,"3","41.60","-70.88",1025
272,"4","40.88","-70.88",1026
271,"4","38.917","-74.350",1022
271,"1","38.917","-73.450",1019
271,"3","39.633","-74.350",1021
271,"2","39.633","-73.450",1020
251,"1","38.9","-73.583",1015
251,"2","39.7","-73.583",1016
251,"3","39.7","-74.6",1017
251,"4","38.9","-74.6",1018
232,"4","28.0166667","-80.9",1014
232,"3","28.73333","-80.9",1013
232,"1","28.0166667","-80.066667",1011
232,"2","28.73333","-80.066667",1012
231,"1","41.933","-69.371",1007
231,"4","41.933","-70.200",1010
231,"3","42.583","-70.200",1009
231,"2","42.583","-69.371",1008
213,"3","42.333","-70.6",
213,"2","42.333","-69.7",
213,"1","41.55","-69.7",
213,"4","41.55","-70.6",
193,"1","42.933","-68.25",
193,"4","42.933","-69.217",
193,"3","43.65","-69.217",
193,"2","43.65","-68.25",
192,"1","31.75","-80.62",
192,"4","31.05","-80.86",
192,"3","31.05","-80.41666667",
192,"2","31.75","-80.41666667",
191,"1","31.75","-80.62",
191,"2","31.75","-80.41666667",
191,"5","31.45","-80.86",
191,"4","31.05","-80.86",
191,"3","31.05","-80.41666667",
190,"3","29.3","-80.86",6185
190,"4","29.3","-81.04167",6186
190,"2","29.75","-80.86",6184
190,"1","29.75","-81.24333333",
190,"5","29.55167","-81.16",6187
189,"1","29.75","-81.24333333",
189,"2","29.75","-80.68333",6180
189,"5","29.54333","-81.15667",6183
189,"4","29.31667","-81.05",6182
189,"3","29.31667","-80.68333",6181
188,"1","29.75","-81.24333333",
188,"2","29.75","-80.73333",6176
188,"5","29.53667","-81.155",6179
188,"4","29.2","-80.99333",6178
188,"3","29.2","-80.73333",6177
187,"1","32.03333333","-80.26666667",
187,"2","32.03333333","-80.01667",6170
187,"3","31.35","-80.53333",6171
187,"7","31.83333","-80.55333",6175
187,"5","31.55","-80.86",6173
187,"6","31.45","-80.86",6174
187,"4","30.55","-80.76667",6172
186,"2","28.1505","-80.13883",6156
186,"15","28.60333","-80.092",6169
186,"4","28.53667","-80.0245",6158
186,"5","28.12517","-80.0085",6159
186,"6","28.02283","-80.033",6160
186,"7","28.15783","-80.0805",6161
186,"1","28.98333333","-80.02583",
186,"8","28.03017","-80.06367",6162
186,"9","27.86667","-80.26167",6163
186,"10","27.86667","-80.11633",6164
186,"11","28.02183","-80.53333",6165
186,"12","28.0005","-80.08933",6166
186,"13","28.0505","-80.096",6167
186,"14","28.12417","-80.027",6168
186,"3","28.15717","-80.0355",6157
185,"2","32.58333333","-79.18333",6153
185,"1","32.58333333","-79.43333333",
185,"4","32.03333","-80.26667",6155
185,"3","32.03333","-80.01667",6154
184,"2","29.75","-80.86",6148
184,"3","28.98333","-80.6333",6149
184,"1","29.75","-81.245",
184,"5","29.18333","-80.98333",6151
184,"6","29.53","-81.15167",6152
184,"4","28.98333","-80.86",6150
183,"2","32.3","-79.6",6144
183,"3","31.66667","-80.1",6145
183,"1","32.3","-79.86",
183,"5","31.83333","-80.55333",6147
183,"4","31.66667","-80.68667",6146
182,"2","29.6","-80.8",6140
182,"3","28.85","-80.6",6141
182,"1","29.6","-80.18333333",10253
182,"5","29.10833","-80.94167",6143
182,"4","28.85","-80.675",6142
159,"3","42.48","-69.6",1695
159,"2","42.48","-68.62",1609
159,"1","43.216","-68.62",1523
159,"4","43.216","-69.6",1781
156,"3","41.66666667","-69.53333333",1692
156,"2","41.66666667","-70.61666667",1606
156,"1","42.46666667","-70.61666667",1520
156,"4","42.46666667","-69.53333333",1778
155,"3","42.7","-69.53333333",1691
155,"2","42.7","-70.61666667",1605
155,"1","43.5","-70.61666667",1519
155,"4","43.5","-69.53333333",1777
154,"3","42.45","-69.86666667",1690
154,"2","42.45","-70.76666667",1604
154,"1","43.1","-70.76666667",1518
154,"4","43.1","-69.86666667",1776
153,"3","43.01666667","-67.73333333",1689
153,"2","43.01666667","-68.93333333",1603
153,"1","43.85","-68.93333333",1517
153,"4","43.85","-67.73333333",1775
152,"3","42.3","-68.4",1688
152,"2","42.3","-69.66666667",1602
152,"1","43.3","-69.66666667",1516
152,"4","43.3","-68.4",1774
151,"3","42.5","-69.56666667",1687
151,"2","42.5","-70.68333333",1601
151,"1","43.38333333","-70.68333333",1515
151,"4","43.38333333","-69.56666667",1773
150,"3","42.65","-67.73333333",1686
150,"2","42.65","-69.56666667",1600
150,"1","44","-69.56666667",1514
150,"4","44","-67.73333333",1772
149,"3","41.7","-70.03333333",1685
149,"2","41.7","-70.75",1599
149,"1","42.11666667","-70.75",1513
149,"4","42.11666667","-70.03333333",1771
148,"3","42.65","-69.61666667",1684
148,"2","42.65","-70.68333333",1598
148,"1","43.43333333","-70.68333333",1512
148,"4","43.43333333","-69.61666667",1770
147,"3","42.7","-67.8",1683
147,"2","42.7","-69.35",1597
147,"1","43.91666667","-69.35",1511
147,"4","43.91666667","-67.8",1769
146,"3","42.5","-68.5",1682
146,"2","42.5","-69.86666667",1596
146,"1","43.45","-69.86666667",1510
146,"4","43.45","-68.5",1768
145,"3","42.65","-69.61666667",1681
145,"2","42.65","-70.68333333",1595
145,"1","43.43333333","-70.68333333",1509
145,"4","43.43333333","-69.61666667",1767
144,"3","43.06666667","-67.83333333",1680
144,"2","43.06666667","-68.85",1594
144,"1","43.86666667","-68.85",1508
144,"4","43.86666667","-67.83333333",1766
143,"3","42.66666667","-68.55",1679
143,"2","42.66666667","-69.76666667",1593
143,"1","43.56666667","-69.76666667",1507
143,"4","43.56666667","-68.55",1765
142,"3","42.65","-69.61666667",1678
142,"2","42.65","-70.68333333",1592
142,"1","43.43333333","-70.68333333",1506
142,"4","43.43333333","-69.61666667",1764
141,"3","42.61666667","-69.65",1677
141,"2","42.61666667","-70.73333333",1591
141,"1","43.41666667","-70.73333333",1505
141,"4","43.41666667","-69.65",1763
140,"3","42.58333333","-69.58333333",1676
140,"2","42.58333333","-70.66666667",1590
140,"1","43.36666667","-70.66666667",1504
140,"4","43.36666667","-69.58333333",1762
139,"3","42.55","-69.68333333",1675
139,"2","42.55","-70.68333333",1589
139,"1","43.3","-70.68333333",1503
139,"4","43.3","-69.68333333",1761
138,"3","42.23333333","-69.66666667",1674
138,"2","42.23333333","-70.68333333",1588
138,"1","42.98333333","-70.68333333",1502
138,"4","42.98333333","-69.66666667",1760
137,"3","42.63333333","-69.78333333",1673
137,"2","42.63333333","-70.71666667",1587
137,"1","43.31666667","-70.71666667",1501
137,"4","43.31666667","-69.78333333",1759
136,"3","42.2","-67.4",1672
136,"2","42.2","-68.3",1586
136,"1","42.83333333","-68.3",1500
136,"4","42.83333333","-67.4",1758
135,"3","42.2","-68.41666667",1671
135,"2","42.2","-69.93333333",1585
135,"1","43.23333333","-69.93333333",1499
135,"4","43.23333333","-68.41666667",1757
134,"3","41.3","-69.38333333",1670
134,"2","41.3","-70",1584
134,"1","42","-70",1498
134,"4","42","-69.38333333",1756
133,"3","42","-69.75",1669
133,"2","42","-70.38333333",1583
133,"1","42.38333333","-70.38333333",1497
133,"4","42.38333333","-69.75",1755
132,"3","40.8","-70.08333333",1668
132,"1","41.5","-71.13333333",1496
132,"2","40.8","-71.13333333",1582
132,"4","41.5","-70.08333333",1754
131,"3","41.33333333","-69.81666667",1667
131,"1","41.83333333","-70.48333333",1495
131,"2","41.33333333","-70.48333333",1581
131,"4","41.83333333","-69.81666667",1753
130,"3","40.88333333","-69",1666
130,"1","41.6","-69.93333333",1494
130,"2","40.88333333","-69.93333333",1580
130,"4","41.6","-69",1752
129,"3","41.45","-69.41666667",1665
129,"1","42.11666667","-70.31666667",1493
129,"2","41.45","-70.31666667",1579
129,"4","42.11666667","-69.41666667",1751
128,"3","39.81666667","-73.05",1664
128,"1","40.48333333","-73.91666667",1492
128,"2","39.81666667","-73.91666667",1578
128,"4","40.48333333","-73.05",1750
127,"3","43.03333333","-67.76666667",1663
127,"1","43.8","-68.81666667",1491
127,"2","43.03333333","-68.81666667",1577
127,"4","43.8","-67.76666667",1749
126,"3","42.46666667","-68.45",1662
126,"4","43.2","-68.45",1748
126,"2","42.46666667","-69.31666667",1576
126,"1","43.2","-69.31666667",1490
125,"3","42.75","-69.66666667",1661
125,"1","43.41666667","-70.56666667",1489
125,"2","42.75","-70.56666667",1575
125,"4","43.41666667","-69.66666667",1747
124,"3","43.05","-67.76666667",1660
124,"1","43.7","-68.68333333",1488
124,"2","43.05","-68.68333333",1574
124,"4","43.7","-67.76666667",1746
123,"3","42.3","-68.51666667",1659
123,"1","43.31666667","-70.01666667",1487
123,"2","42.3","-70.01666667",1573
123,"4","43.31666667","-68.51666667",1745
122,"3","42.61666667","-68.75",1658
122,"1","43.3","-69.68333333",1486
122,"2","42.61666667","-69.68333333",1572
122,"4","43.3","-68.75",1744
121,"3","43.26666667","-67.46666667",1657
121,"1","44.08333333","-68.6",1485
121,"2","43.26666667","-68.6",1571
121,"4","44.08333333","-67.46666667",1743
120,"3","42.61666667","-69.45",1656
120,"1","43.33333333","-70.66666667",1484
120,"2","42.61666667","-70.66666667",1570
120,"4","43.33333333","-69.45",1742
119,"3","43.01666667","-67.71666667",1655
119,"1","43.86666667","-68.81666667",1483
119,"2","43.01666667","-68.81666667",1569
119,"4","43.86666667","-67.71666667",1741
118,"3","42.26666667","-68.51666667",1654
118,"1","43.2","-69.63333333",1482
118,"2","42.26666667","-69.63333333",1568
118,"4","43.2","-68.51666667",1740
117,"3","41.98333333","-69.66666667",1653
117,"1","43.4","-71.23333333",1481
117,"2","41.98333333","-71.23333333",1567
117,"4","43.4","-69.66666667",1739
116,"3","42.55","-69.76666667",1652
116,"1","43.25","-70.08333333",1480
116,"4","43.25","-69.76666667",1738
116,"2","42.55","-70.08333333",1566
115,"3","43.25","-68.01666667",1651
115,"1","43.9","-68.88333333",1479
115,"4","43.9","-68.01666667",1737
115,"2","43.25","-68.88333333",1565
114,"3","42.55","-69.76666667",1650
114,"1","43.25","-70.75",1478
114,"4","43.25","-69.76666667",1736
114,"2","42.55","-70.75",1564
113,"3","42.55","-68.71666667",1649
113,"1","43.38333333","-69.76666667",1477
113,"4","43.38333333","-68.71666667",1735
113,"2","42.55","-69.76666667",1563
112,"3","42.33333333","-70.81666667",1648
112,"4","43","-70.81666667",1734
112,"1","43","-69.91666667",1476
112,"2","42.33333333","-69.91666667",1562
111,"3","43.86666667","-68.26666667",1647
111,"4","44.55","-68.26666667",1733
111,"1","44.55","-67.3",1475
111,"2","43.86666667","-67.3",1561
110,"3","42.33333333","-70.81666667",1646
110,"4","43","-70.81666667",1732
110,"1","43","-69.91666667",1474
110,"2","42.33333333","-69.91666667",1560
109,"3","42.33333333","-70.81666667",1645
109,"1","43","-69.91666667",1473
109,"2","42.33333333","-69.91666667",1559
109,"4","43","-70.81666667",1731
108,"3","42.33333333","-70.81666667",1644
108,"1","43","-69.91666667",1472
108,"2","42.33333333","-69.91666667",1558
108,"4","43","-70.81666667",1730
107,"3","42.33333333","-70.81666667",1643
107,"1","43","-69.91666667",1471
107,"2","42.33333333","-69.91666667",1557
107,"4","43","-70.81666667",1729
106,"3","42.4","-70.1",1642
106,"1","43.23333333","-68.98333333",1470
106,"2","42.4","-68.98333333",1556
106,"4","43.23333333","-70.1",1728
105,"3","40.9","-71.85",1641
105,"1","41.5","-70.81666667",1469
105,"2","40.9","-70.81666667",1555
105,"4","41.5","-71.85",1727
104,"3","40.9","-70.51666667",1640
104,"1","41.56666667","-69.65",1468
104,"2","40.9","-69.65",1554
104,"4","41.56666667","-70.51666667",1726
103,"3","41.31666667","-70.15",1639
103,"1","42.05","-69.16666667",1467
103,"2","41.31666667","-69.16666667",1553
103,"4","42.05","-70.15",1725
102,"3","40.93333333","-70.03333333",1638
102,"1","41.61666667","-69.11666667",1466
102,"2","40.93333333","-69.11666667",1552
102,"4","41.61666667","-70.03333333",1724
101,"3","40.85","-70.6",1637
101,"1","41.58333333","-69.63333333",1465
101,"2","40.85","-69.63333333",1551
101,"4","41.58333333","-70.6",1723
100,"3","40.91666667","-70.61666667",1636
100,"1","41.56666667","-69.75",1464
100,"2","40.91666667","-69.75",1550
100,"4","41.56666667","-70.61666667",1722
99,"1","43.45","-69.66666667",1463
99,"4","43.45","-70.66666667",1721
99,"3","42.73333333","-70.66666667",1635
99,"2","42.73333333","-69.66666667",1549
98,"1","43.68333333","-67.68333333",1462
98,"4","43.68333333","-69.16666667",1720
98,"3","42.71666667","-69.16666667",1634
98,"2","42.71666667","-67.68333333",1548
97,"1","43.78333333","-67.78333333",1461
97,"4","43.78333333","-69.38333333",1719
97,"3","42.78333333","-69.38333333",1633
97,"2","42.78333333","-67.78333333",1547
96,"1","43.36666667","-68.43333333",1460
96,"4","43.36666667","-69.7",1718
96,"3","42.35","-69.7",1632
96,"2","42.35","-68.43333333",1546
95,"1","43.55","-69.45",1459
95,"4","43.55","-70.81666667",1717
95,"3","42.53333333","-70.81666667",1631
95,"2","42.53333333","-69.45",1545
94,"1","43.4","-68.46666667",1458
94,"4","43.4","-69.6",1716
94,"3","42.58333333","-69.6",1630
94,"2","42.58333333","-68.46666667",1544
93,"1","43.83333333","-68.03333333",1457
93,"4","43.83333333","-69.03333333",1715
93,"3","43.1","-69.03333333",1629
93,"2","43.1","-68.03333333",1543
92,"1","43.35","-69.75",1456
92,"4","43.35","-70.8",1714
92,"3","42.58333333","-70.8",1628
92,"2","42.58333333","-69.75",1542
91,"1","43.18333333","-68.8",1455
91,"4","43.18333333","-69.73333333",1713
91,"3","42.51666667","-69.73333333",1627
91,"2","42.51666667","-68.8",1541
90,"1","43.1","-68.25",1454
90,"4","43.1","-69.93333333",1712
90,"3","42.11666667","-69.93333333",1626
90,"2","42.11666667","-68.25",1540
89,"1","43.1","-68.25",1453
89,"4","43.1","-69.93333333",1711
89,"3","42.11666667","-69.93333333",1625
89,"2","42.11666667","-68.25",1539
88,"1","43.7","-68.23333333",1452
88,"4","43.7","-69.15",1710
88,"3","43.03333333","-69.15",1624
88,"2","43.03333333","-68.23333333",1538
87,"1","43.13333333","-68.43333333",1451
87,"4","43.13333333","-69.58333333",1709
87,"3","42.5","-69.58333333",1623
87,"2","42.5","-68.43333333",1537
86,"1","41.85","-67.08333333",1450
86,"4","41.85","-68.01666667",1708
86,"3","41.15","-68.01666667",1622
86,"2","41.15","-67.08333333",1536
85,"1","41.75","-66.83333333",1449
85,"4","41.75","-67.71666667",1707
85,"3","41.08333333","-67.71666667",1621
85,"2","41.08333333","-66.83333333",1535
84,"1","42.06666667","-69.06666667",1448
84,"4","42.06666667","-70.16666667",1706
84,"3","41.25","-70.16666667",1620
84,"2","41.25","-69.06666667",1534
83,"1","42.93333333","-69.53333333",1447
83,"4","42.93333333","-70.4",1705
83,"3","42.3","-70.4",1619
83,"2","42.3","-69.53333333",1533
82,"1","43.3","-69.75",1446
82,"4","43.3","-70.61666667",1704
82,"3","42.66666667","-70.61666667",1618
82,"2","42.66666667","-69.75",1532
81,"1","42.43333333","-69.68333333",1445
81,"4","42.43333333","-70.58333333",1703
81,"3","41.76666667","-70.58333333",1617
81,"2","41.76666667","-69.68333333",1531
80,"1","43.4","-69.73333333",1444
80,"4","43.4","-70.76666667",1702
80,"3","42.66666667","-70.76666667",1616
80,"2","42.66666667","-69.73333333",1530
79,"1","43.26666667","-68.81666667",1443
79,"4","43.26666667","-69.65",1701
79,"3","42.65","-69.65",1615
79,"2","42.65","-68.81666667",1529
78,"1","43.7","-68",1442
78,"4","43.7","-68.95",1700
78,"3","43.06666667","-68.95",1614
78,"2","43.06666667","-68",1528
77,"1","43.25","-69.8",1441
77,"4","43.25","-70.73333333",1699
77,"3","42.53333333","-70.73333333",1613
77,"2","42.53333333","-69.8",1527
57,"1","42.58333333","-69.53333333",1440
57,"4","42.58333333","-70.38333333",1698
57,"3","41.95","-70.38333333",1612
57,"2","41.95","-69.53333333",1526
56,"1","42.96666667","-68.36666667",1439
56,"4","42.96666667","-69.4",1697
56,"3","42.21666667","-69.4",1611
56,"2","42.21666667","-68.36666667",1525
38,"1","41.75","-70.367",1438
38,"4","41.75","-71.233",1696
38,"3","41.083","-71.233",1610
38,"2","41.083","-70.367",1524
36,"1","41.917","-70.267",999
36,"4","42.567","-71.167",1002
36,"3","41.917","-71.167",1001
36,"2","42.567","-70.267",1000
35,"3","42.017","-69.417",1783
35,"4","41.267","-69.417",1784
35,"1","41.267","-70.417",1781
35,"2","42.017","-70.417",1782
34,"3","42.85","-71.117",
34,"2","42.85","-70.15",
34,"1","42.15","-70.15",
34,"4","42.15","-71.117",
3,"4","41","-71.583",
3,"3","41.65","-71.583",
3,"2","41.65","-70.717",
3,"1","41","-70.717",
